id,english,tigrina,usewith,registeredby
515,Account Collectors,ኣካቢ ሕሳብ,,gide
516,Accountants,ተሓዚ ገንዘብ,,gide
517,Accounting Clerks,ጸሓፊ ሕሳብ,,gide
518,Actors,ተዋሳእቲ,,gide
519,Actuaries,ፈታሕቲ ሽግር ወይ ናይ መጻኢ ኣታዊ ይኹን ዕዳ ዝቅምሩ,,gide
520,Adhesive Bonding Machine Operators and Tenders,ኣብ ኢድ ማኪና ማሽን ኦፕሬተራትን ጅማውትን,,gide
521,Administrative Assistants,ምምሕዳራዊ ሓገዝ,,gide
522,Administrative Services Managers,ሓለፍቲ ምምሕዳራዊ ኣገልግሎታት,,gide
523,Adult Literacy and High School Equivalency Diploma Teachers,ናይ ዓበይቲ ምጥፋእ መሃይምነትን ናይ ላዕለዋይ ደረጃ ትምህርትን ክእለት መምህራን,,gide
524,Adult Literacy Teachers,መምህራን ምጥፋእ መሃይምነት ንዓበይቲ,,gide
525,Advertising Managers,ኣካየድቲ መወዓውዒ,,gide
526,Advertising Sales Agents,ናይ ምውዕዋዕ መስርሕ,,gide
527,Aerospace Engineering and Operations Technicians,ኤሮስፖስፊንግ ኢንጂነሪንግን ቴክኒሻናትን,,gide
528,Aerospace Engineers,ኤሮስፐይስ ኢንጂነሪንግ,,gide
529,Aerospace Engineers,ኤሮስፐይስ ኢንጂነሪንግ,,gide
530,Agents and Business Managers of Artists, Performers, and Athletes,ወኪላትን ኣካየድቲ ስራሕ ኣርቲስትን ገጠምትን ኣትለታትን,,gide
531,Agricultural Engineers,ኢንጂነራት ሕርሻ,,gide
532,Agricultural Engineers,ኢንጂነራት ሕርሻ,,gide
533,Agricultural Inspectors,ናይ ሕርሻ ኢንስፔክተር,,gide
534,Agricultural Managers,ኣካየድቲ ሕርሻ,,gide
535,Agricultural Scientists,ክኢላታት ሕርሻ,,gide
536,Agricultural Technicians,ክኢላታት ሕርሻ,,gide
537,Agricultural Workers,ዕዮ ሕርሻ,,gide
538,Air Conditioning and Heating Mechanics and Installers,ብቕዓት ኣየርን ምፍዋስ ሜካኒካውንትን መሕለፍ ግዜን,,gide
539,Air Traffic Controllers,ተቘጻጸርቲ መገዲ ኣየር,,gide
540,Aircraft Cargo Handling Supervisors,ናይ ነፋሪት ካርጎ ሃንድሊንግ ሱፐርቫይዘራት,,gide
541,Aircraft Equipment Mechanics and Technicians,ናይ ነፈርቲ ዕጥቂ መካኒክን ቴክኒሻናትን,,gide
542,Airfield Operations Specialists,ክኢላታት ሓይሊ ኣየር,,gide
543,Airline and Commercial Pilots,መገዲ ኣየርን ንግድን ጲላጦስን,,gide
544,Teachers and Instructors,መምህራን,,gide
545,Ambulance Dispatchers,ናይ ህጹጽ ወይ ዘይ ህጹጽ እዋን ተለፎን ኦፐሬቶር,,gide
546,Ambulance Drivers and Attendants (Except Emergency Medical Technicians),ኣምቡላንስ ዶኸንቲን ኣቴንስ (Ambulance Drivers and Attendants (Except Emergency Medical Technicians)),,gide
547,Amusement and Recreation Attendants,ናይ ምዝንጋዕ ተኣከብቲ,,gide
548,Animal Care and Service Workers,ክንክን እንስሳታትን ዕዮን,,gide
549,Animal Control Workers,ሰራሕተኛታት እንስሳ,,gide
550,Announcers,ኣናውንሰር,,gide
551,Anthropologists,ገበርቲ ሰናይ,,gide
552,Appraisers and Assessors of Real Estate,መዋዓዋዕቲን ገምገምቲን ናይ ሓቂ ኣዕሩኽ,,gide
553,Arbitrators,ሃንደስቲ,,gide
554,Archeologists,ናይ አርቺ መርመራታት,,gide
555,Architects,ኣርክተክትስ,,gide
556,Architectural Managers,ኣካየድቲ ስነ ህንጻ,,gide
557,Archivists,ኣርቺቪቲካውያን,,gide
558,Art Directors,መምርሒ ኢደ ጥበብ,,gide
559,Assemblers,ኣጋጣጠምቲ,,gide
560,Astronomers,ተመራመርቲ ስነ-ኰዀብ,,gide
561,Athletes and Sports Competitors,ስፖርተኛታትን ናይ ስፖርት ተወዳደርትን,,gide
562,Athletic Trainers,ኣሰልጠንቲ ኣትለቲክስ,,gide
563,Atmospheric Scientists,ተመራመርቲ ስነ ፍልጠት ጠፈር,,gide
564,Attorneys,ኣርማድዮ,,gide
565,Audio and Video Technicians,ናይ ኦድዮን ቪድዮን ቴክኒካት,,gide
566,Audiologists,ኣዱሊስ,,gide
567,Auditing Clerks,ኣቕሽሽቲ ኦዲት ምግባር,,gide
568,Auditors,ኦዲተራት,,gide
569,Authors,ደረስቲ,,gide
570,Automated Teller Machine (ATM) Repairers,ብማኪና ዝተሰርሓ ጨረር ማሽን  ጽገናታት(Automated Teller Machine (ATM) Repairers),,gide
571,Automotive and Watercraft Service Attendants,ጋራዥ ኣገልግሎት ኣስማት,,gide
572,Automotive Body and Glass Repairers,ጋራዥ ሰብነትን ጽገና ግላስን,,gide
573,Automotive Service Technicians and Mechanics,ጋራጃት ቴክኒሻናትን መካኒካንን,,gide
574,Avionics Equipment Mechanics and Technicians,ስነ-ጽባቐክስ ማዕቐብ መካኒክን ቴክኒሻናትን,,gide
575,Baggage Porters and Bellhops,ቦርሳ ሪፖርተራትን ቤልሆፕስን,,gide
576,Bailiffs,በረድ,,gide
577,Bakers,ሰንከትቲ,,gide
578,Barbers,ቀምቀምቲ ወይ ቆነንቲ,,gide
579,Bartenders,ባርተንደር,,gide
580,Behavioral Disorder Counselors,ናይ ባህሪ ጸገማት ምኽሪ,,gide
581,Benefits Managers,ኣካየድቲ ጥቕሚ,,gide
582,Bicycle Repairers,ጽገና ብሽክለታ,,gide
583,Bill Collectors,ሕብሪ ቘርበት,,gide
584,Biochemists and Biophysicists,ባዮከሚከኛታትን ባዮፊዚከኛታትን,,gide
585,Biological Scientists (all other),ስነ-ህይወታዊ ስነ-ፍልጠተኛታት (Biological Scientists (all other)),,gide
586,Biological Technicians,ባዮሎጂካዊ ቴክኒካት,,gide
587,Biomedical Engineers,ኣብ ላዕሊ እተጠቕሱ ሰባት,,gide
588,Biomedical Engineers,ኣብ ላዕሊ እተጠቕሱ ሰባት,,gide
589,Blockmasons,መባርቕ,,gide
590,Boiler Operators,ተሽከርካሪ,,gide
591,Boilermakers,ተሽከርካሪ,,gide
592,Bookkeeping Clerks,ዓቃብ መጻሕፍቲ,,gide
593,Bookkeeping, Accounting, and Auditing Clerks,ምዕቃብ መጽሓፍን ሕሳብን ኣቕሽሽትን,,gide
594,Brazers,ብራዘርስ,,gide
595,Brickmasons,ወርቃዊ መገድታት,,gide
596,Bridge and Lock Tenders,ድልድልን ሎክ ጅማውትን,,gide
597,Broadcast Engineering Technicians,ኢንጂነሪንግ ተክኒሻናት ፈነወ,,gide
598,Budget Analysts,ተንተንቲ ባጀት,,gide
599,Building Cleaners,ኣጽረይቲ ህንጻ,,gide
600,Building Cleaning Workers (all other),ናይ ጽሬት ሰራሕተኛታት ኣብ ህንጻ),,gide
601,Building Inspectors,ተቖጻጸርቲ ህንጻ,,gide
602,Bus Drivers,ናይ ኣውቶቡስ ኣውቲስታ,,gide
603,Business Operations Specialists (all other),ክኢላ ዕዮ ንግዲ),,gide
604,Butchers,ሰራሕተኛ እንዳ ስጋ,,gide
605,Buyers,ዕድጊ,,gide
606,Camera and Photographic Equipment Repairers,ምዕራይ ካሜራን ናይ ስእሊ ዕጥቂን,,gide
607,Camera Operators,ኦፕሬተራት ካሜራ,,gide
608,Cardiovascular Technologists and Technicians,ክኢላታት ቴክኒክን ሞያን ልቢ,,gide
609,Career and Technical Education Teachers,ሞያውያንን ቴክኒካውያንን መምህራን,,gide
610,Career Counselors,ምኽሪ ሞያ,,gide
611,Cargo and Freight Agents,ናይ ጽዕነትን ናይ ጽዕነትን ምጕዕዓዝ ኣጋፍዓን,,gide
612,Carpenters,ጸረብቲ ወይ ካርፐንተር,,gide
613,Carpet Installers,ኣንጻፋይ,,gide
614,Cartographers,ኣዳለውቲ ካርታ,,gide
615,Cashiers,ካሽር tehazi genzeb,,gide
616,Ceiling Tile Installers,ናሕሲ ኣብ መጻወድያታት መጋጠሚ,,gide
617,Cement Masons,ነዳቓይ ስሚንቶ,,gide
618,Chauffeurs,ኣውቲስታ,,gide
619,Chefs,ኣዳላዊ መግቢ ኣብ ቤት መግብታት,,gide
620,Chemical Engineers,ኬሚካል ኢንግጅነር,,gide
621,Chemical Equipment Operators and Tenders,ናይ ኬሚካል መሳርሒታትን ጅማውትን ኦፐሬቶር,,gide
622,Chemical Plant and System Operators,መደበር ከሚካልን ተክኒከሽንን ኦፐሬቶር,,gide
623,Chemical Technicians,ናይ ኬሚካል ቴክኒሻን,,gide
624,Chemists,ኬሚስት,,gide
625,Childcare Center Directors,ዳይረክተር ማእከል ክንክን ህጻናት,,gide
626,Childcare Workers,ሰራሕተኛታት መውዓሊ ህጻናት,,gide
627,Chiropractors,ስነ ክንክ ኣዕጽምትን ጭዋዳታትን,,gide
628,Choreographers,ኮረግራፈር,,gide
629,Civil Engineering Technicians,ሲቪል ኢንጂነሪንግ ተክኒሻን,,gide
630,Civil Engineers,ስቪል ሰርቪስ ኢንጂነራት,,gide
631,Claims Adjusters, Appraisers, Examiners, and Investigators,ኣወሃሃድቲ ጥርዓናት፣መርመርትን,,gide
632,Cleaning, Washing, and Metal Pickling Equipment Operators and Tenders,ምጽራይን ምሕጻብን መታልሕን ናይ ምዕጣቕ ኦፕሬተራትን ጅማውትን,,gide
633,Clergy,ቀሺ,,gide
634,Clerks,ጸሓፊ,,gide
635,Clinical Laboratory Technologists and Technicians,ክኢላታት ላቦራቶሪ ቴክኒክን ሞያን,,gide
636,Coaches and Scouts,ኣሰልጠንቲን ስካውትን,,gide
637,Coating Workers,ለኻዪ ሕብርን ኣጸባባቕን,,gide
638,Commercial Designers,ነደፍቲ ንግዲ,,gide
639,Commercial Divers,ንግዳዊ ንጥፈታት ዘካዪድ,,gide
640,Commodities Sales Agents,ወኪል ዝሸዪጥ ዝልውጥ ን ዓበይቲ ነገራት,,gide
641,Communications Equipment Operators,ናይ መራኸቢ ማዕቐባት ተክኒካት,,gide
642,Community and Social Service Specialists,ናይ ማሕበረሰብን ማሕበራዊ ኣገልግሎትን ክኢላታት,,gide
643,Community Association Managers,ኣካየድቲ ማሕበር ማሕበረሰብ,,gide
644,Community Health Workers,ሰራሕተኛ ማሕበረሰብ,,gide
645,Community Service Managers,ኣካያዲ ኮማዊ ኣገልግሎት,,gide
646,Compensation and Benefits Managers,ኣካያዲ ካሕሳን መኽሰባትን,,gide
647,Compensation, Benefits, and Job Analysis Specialists,ናይ ካሕሳ ኣታዊታትን ናይ ስራሕ ምርምር ኪኢላን,,gide
648,Compliance Officers,መኰንናት ጥርዓን,,gide
649,Composers - Music,ኮምፖዘር ናይ ሙዚቓ,,gide
650,Computer Control Programmers and Operators,ናይ ኮምፕዩተር ኦፕሬተር,,gide
651,Computer Hardware Engineers,ናይ ኮምፒተር ክእለት ኢንጂነሪን,,gide
652,Computer Managers,ኣካየድቲ ኮምፒዩተርkomputer managerat(Computer Managers),,gide
653,Computer Network Architects,ንድፊ ኮምፒዩተር,,gide
654,Computer Occupations (all other),ናይ ኮምፕዩተር ስራሕ ሓፈሻዊ),,gide
655,Computer Operators,ኮምፑተር ኦፕሬተራት,,gide
656,Computer Programmers,ኮምፑተር ፕሮግራመር,,gide
657,Computer Repairers,ጽገና ኮምፒዩተር,,gide
658,Computer Scientists,ሊቃውንቲ ኮምፕዩተር,,gide
659,Computer Software Engineers,ናይ ኮምፒዩተር ሶፍትዌር ኢንጂነሪንግ,,gide
660,Computer Support Specialists,ክኢላ ደገፍ ኮምፕዩተር,,gide
661,Computer Systems Administrators,ኣመሓዳሪ ኮምፕዩተር ሲስተምስ,,gide
662,Computer Systems Analysts,ተንታኒ ኮምፕዩተር ሲስተምስ,,gide
663,Concierges,ሰራሕተኛ ናይ ብዙሓት ኣብ ግምት ዘህተወ ህንጻ ከም ሆቴል,,gide
664,Conciliators,ማእከላይ ዳኛ,,gide
665,Conservation Scientists,ተመራመርቲ ስነ ፍልጠት ምዕቃብ,,gide
666,Conservation Technicians,ተክኒሻን ምዕቃብ ኣግራብ,,gide
667,Construction and Related Workers,ህንጸትን ተዛመድትን ሰራሕተኛታት,,gide
668,Construction Equipment Operators,ኦፕሬተራት ህንጸት,,gide
669,Construction Inspectors,ተቖጻጸርቲ ህንጻ,,gide
670,Construction Laborers and Helpers,ሰራሕተኛታት ህንጸትን ሓገዝትን,,gide
671,Construction Managers,ኣካያዲ ህንጸት,,gide
672,Construction Trades and Extraction Workers,ኣብ ዕዮ ህንጸትን ኣብ ዕዮ ህንጸትን ይካፈሉ,,gide
673,Continuous Mining Machine Operators,ናይ ዕደና ማሺን ኦፐሬቶር,,gide
674,Control and Valve Installers and Repairers (Except Mechanical Door),ቁጽጽርን ዋጋ ዘለዎም መሻጥን ጽገናታትን),,gide
675,Cooks,ከሻናይ,,gide
676,Cooling and Freezing Equipment Operators and Tenders,ናይ ምዝሓልን ምብዛሕን ክእለት ኦፕሬተራትን ጅማውትን,,gide
677,Correctional Officers,ኮር ሓላፍቲ,,gide
678,Correctional Treatment Specialists,ክኢላታት ሕክምና መምርሒ,,gide
679,Correspondents,ደብዳበ,,gide
680,Cosmetologists,ክኢላታት ስነ-ቝጽሪ,,gide
681,Cost Estimators,ተመንቲ ዋጋ,,gide
682,Costume Attendants,ዋጋ ዘኽፍሉ ሰባት,,gide
683,Counselors (all other),ኣማኸርቲ),,gide
684,Counter and Rental Clerks,ናይ ሕግን ናይ ኣእምሮን ካህናት,,gide
685,Couriers and Messengers,መልእኽትን መልእኽትን,,gide
686,Court Reporters,ጋዜጠኛታት ቤት ፍርዲ,,gide
687,Craft Artists,ኣርቲስት,,gide
688,Credit Analysts,ተንተንቲ ልቓሕ,,gide
689,Credit Counselors,ምኽሪ ልቓሕ,,gide
690,Crossing Guards,ኣብ ስግግር ተሓጋጋዚ ን ከም ኣብ ጽርግያ ምስጋር ዝተሃጋገዝ,,gide
691,Crushing, Grinding, and Polishing Machine Setters, Operators, and Tenders,ምስብባር ፡ መጥሓን ፡ ማሽን ፡ ኦፕሬተራትን ጅማውትን,,gide
692,Curators,መርመርቲ,,gide
693,Customer Service Representatives,ናይ ዓሚ ተወከልቲ,,gide
694,Cutters and Trimmers (Hand),ቆረጽትን ኣመዓራረይትን ን ንቢኢድ ዝስራሕ),,gide
695,Cutting and Slicing Machine Setters, Operators, and Tenders,ማሽን ፡ ኦፕሬተራትን ጅማትን,,gide
696,Dancers,ሳዕስዒት,,gide
697,Data Entry Keyers,መእተዊ ሓበሬታ,,gide
698,Database Administrators,ኣመሓደርቲ ማዕከን ዳታ,,gide
699,Delivery Truck Drivers and Driver/Sales Workers,ሰራሕተኛን ናይ ጽዕነት መካይን,,gide
700,Demonstrators and Product Promoters,መርኣያታትን መፍረይትን ናይ ውጺት ኣታባባዕን,,gide
701,Dental Assistants,ናይ ስኒ ሓገዝ,,gide
702,Dental Hygienists,ናይ ስኒ ህየሳ,,gide
703,Dental Laboratory Technicians,ናይ ስኒ ላባራቶሪ ቴክኒካት,,gide
704,Dentists,ሓኪም ስኒ,,gide
705,Derrick Operators (Oil and Gas),ኦፕሬተራት ደርቂ (Derrick Operators (Oil and Gas)),,gide
706,Designers (all other),ዲዛይነራት (Designers (all other)),,gide
707,Desktop Publishers,ደስክቶፕ ሓተምቲ,,gide
708,Development Managers,ናይ ምዕባለ ኣካየድቲ ስራሕ,,gide
709,Diagnostic Medical Sonographers,ኣዳለውቲ ሕክምና ወዲ,,gide
710,Diesel Service Technicians and Mechanics,ናይ ናፍታ ኣገልግሎት ቴክኒሻናትን ሜካኒካንን,,gide
711,Dietitians,ኪኢላታት ስነ ኣመጋግባ,,gide
712,Directors - Film, Theater,ዳይረክተራት - ፊልምን ትያትርን,,gide
713,Directors - Music,ዳይረክተራት ሙዚቃ,,gide
714,Dishwashers,ሓጸብቲ ኣቕሑ,,gide
715,Dispatchers (Except Police, Fire, and Ambulance),ናይ ህጹጽን ዘይህጹጽን ተለፎናት ተቐባልን ጸሓፍን ሓበሬታ ኣመሓላላፍን(Dispatchers (Except Police, Fire, and Ambulance)),,gide
716,Dispatchers (Police, Fire, and Ambulance),ናይ ህጹጽን ዘይህጹጽን ተለፎናት ተቐባልን ጸሓፍን ሓበሬታ ኣመሓላላፍን(Dispatchers (Police, Fire, and Ambulance)),,gide
717,Doctors,ሓካይም,,gide
718,Door-to-Door Sales Workers, News and Street Vendors, and Related Workers,ካብ ቤት ናብ ቤት እናኸዱ ዝሰርሑ ሰልሰኛታት ፡ ዜናታትን ጐደናታትን ዝሰርሑ ፡ ከምኡ ውን እተራኸቡ ሰራሕተኛታት,,gide
719,Drafters,ቅብኣት,,gide
720,Drywall Installers,ጽኑዕ መእሰሪ,,gide
721,Earth Drillers (Except Oil and Gas),ኮዓትቲ ምድሪ (Earth Drillers (Except Oil and Gas)),,gide
722,Economists,ክኢላታት ስነ-ቁጠባ,,gide
723,Editors,ኣሰናዳእቲ,,gide
724,Education Administrators - Elementary, Middle, and High School,ኣመሓደርቲ መባእታን ማእከላይን ካልኣይን ደረጃ ትምህርቲ,,gide
725,Education Administrators - Postsecondary,ኣመሓደርቲ ትምህርቲ - ርእሰ-ምትእምማን,,gide
726,Education Administrators,ኣመሓደርቲ ትምህርቲ,,gide
727,Education, Training, and Library Workers,ትምህርትን ስልጠናን ሰራሕተኛታት ቤተ መጻሕፍትን,,gide
728,Electrical and Electronics Engineering Technicians,ኤለትሪካዊን ኤሌክትሮኒካዊን ኢንጂነሪንግ ቴክኒሻናት,,gide
729,Electrical and Electronics Engineers,ኤለትሪካውን ኤሌክትሮኒካውን ኢንጂነራት,,gide
730,Electrical and Electronics Engineers,ኤለትሪካውን ኤሌክትሮኒካውን ኢንጂነራት,,gide
731,Electrical and Electronics Installers and Repairers,ኤለክትሪካውን ኤለክትሮኒካውን ናውቲ ፡ ከምኡውን ጽገና,,gide
732,Electricians,ኤሌትሪክ,,gide
733,Electro-mechanical Technicians,ኤለክትሮ-መካኒካዊ መሳርሒታት,,gide
734,Electronic Home Entertainment Equipment Installers and Repairers,ኤለክትሮኒካዊ ምዝንጋዕ ቤት ፡ ኣባይትን ጸገንቲን,,gide
735,Elementary School Principals,መባእታዊ ስርዓታት ቤት ትምህርቲ,,gide
736,Elementary School Teachers,መምህራን መባእታ ቤት ትምህርቲ,,gide
737,Elevator Installers and Repairers,ብራኸ ዘለዎ መዝሓሊታትን ጸገንቲ,,gide
738,Embalmers,ካብ ኣካላት ወዲ ሰብ ፈሳሲ ንከይወጽእ ዝከላከል ዝገብሩ,,gide
739,Emergency Management Directors,ህጹጽ መምርሒ ምሕደራ,,gide
740,Emergency Medical Technicians (EMTs),ሃንደበታዊ ናይ ሕክምና ክኢላታት (Emergency Medical Technicians (EMTs)),,gide
741,Emergency Response Dispatchers,ህጹጽ ምላሽ ወይቦ,,gide
742,Engineering Managers,ኣካየድቲ ምህንድስና,,gide
743,Engineering Technicians, except Drafters (all other),ክኢላታት ሞያ ምህንድስና ፡ ብዘይካ ድራር (Engineering Technicians, except Drafters (all other)),,gide
744,Entertainers and Performers, Sports and Related Workers (all other),ኣዘናጋዕትን ገያሾን ፡ ስፖርተኛታትን ተዛመድቲ ሰራሕተኛታትን (Entertainers and Performers, Sports and Related Workers (all other)),,gide
745,Entertainment Attendants and Related Workers (all other),ናይ መዘናግዒ ቦታታትን ናይ ስራሕ ሰራሕተኛታትን (Entertainment Attendants and Related Workers (all other)),,gide
746,Environmental Engineering Technicians,ናይ ኣከባቢ ኢንጂነሪንግ ተክኒሻናት,,gide
747,Environmental Engineers,ንኣከባቢያዊ ኣሰራርሓ ዝሕግዙ ኢንጂነራት,,gide
748,Environmental Engineers,ንኣከባቢያዊ ኣሰራርሓ ዝሕግዙ ኢንጂነራት,,gide
749,Environmental Science and Protection Technicians,ኣከባብያዊ ስነ-ፍልጠትን ሓልየት ውሃብቲ ቴክኒክን,,gide
750,Environmental Scientists and Specialists,ተመራመርቲ ስነ-ኣከባብያዊ ስነ-ፍልጠትን ክኢላታት ስነ-ፍልጠትን,,gide
751,Epidemiologists,ክኢላታት ስነ ሕማም ቅዛነት,,gide
752,Etchers and Engravers,ዕጨይትን ነጋዶን,,gide
753,Exercise Physiologists,ክኢላታት ሕክምና,,gide
754,Explosives Workers, Ordnance Handling Experts, and Blasters,ንሰራሕተኛታትን ስሪትን ኤንድ ኤንድ ፍላይድ,,gide
755,Extraction Worker Helpers,ወሃብቲ ተወሳኺ ሓገዝ,,gide
756,Extraction Workers (all other),ሰራሕተኛታት ተወሳኺ ስራሕ (Extraction Workers (all other)),,gide
757,Extruding and Forming Machine Setters, Operators, and Tenders (Synthetic and Glass Fibers),ማሽን ፡ ኦፕሬተራትን ጅማውትን (Extruding and Forming Machine Setters, Operators, and Tenders (Synthetic and Glass Fibers)),,gide
758,Extruding, Forming, Pressing, and Compacting Machine Setters, Operators, and Tenders,ማሽን ኦፕሬተርን ጅማውትን,,gide
759,Fabric and Apparel Patternmakers,ፈጠራውነትን ኣርባሒ ስእልን,,gide
760,Fabric Menders (Except Garment),ዓለባ መንደር (Fabric Menders (Except Garment)),,gide
761,Fabricators,ዓለባ,,gide
762,Family Therapists,ሕክምና ስድራ ቤት,,gide
763,Farm Labor Contractors,ኮንትራክተራት ሕርሻ,,gide
764,Farmers,ሓረስቶት,,gide
765,Farming, Fishing, and Forestry Workers,ሕርሻን ምግፋፍ ዓሳን ሰራሕተኛታት ዱርን,,gide
766,Fashion Designers,ዲዛይነራት ፋሽን,,gide
767,Fence Erectors,ሓጸርቲ ሓጹር,,gide
768,Film Editors,ኣሰናዳእቲ ፊልም,,gide
769,Financial Analysts,ተንተንቲ ገንዘብ,,gide
770,Financial Clerks,ናይ ገንዘብ ኣቕሽሽቲ,,gide
771,Financial Examiners,ገንዘባዊ እቶት,,gide
772,Financial Managers,ኣካየድቲ ገንዘብ,,gide
773,Financial Services Sales Agents,ናይ ገንዘብ ኣገልግሎት መሳለጥያታት,,gide
774,Financial Specialists,ናይ ገንዘብ ክኢላታት,,gide
775,Fine Artists,ሰኣላይ፣ጸራባይ፣ኮሓላይ ን ስእሊ፣ ቤትሮታት ዝኣመሰሉ,,gide
776,Fire Fighting and Prevention Workers,ሰራሕተኛታት ምክልኻልን ሓዊ,,gide
777,Fire Inspectors and Investigators,መርመርቲ መጥፋእቲ ሓዊን መርመርትን,,gide
778,Firefighters,መጥፋእቲ ሓዊ,,gide
779,First-line Supervisors of Protective Service Workers (all other),ኣብ ቀዳማይ መስመር ዝሰርሑ ተቖጻጸርቲ ናይ ዕቝባ ኣገልግሎት (First-line Supervisors of Protective Service Workers (all other)),,gide
780,Fishing Workers,ሰራሕተኛታት ዓሳ,,gide
781,Fitness Trainers and Instructors,ናይ የሆዋ መሰኻኽር ኣሰልጠንትን መምህራንን,,gide
782,Flight Attendants,ሓለውቲ በረራ,,gide
783,Flight Engineers,ኢንጂነራት በረራ,,gide
784,Flight Engineers,ኢንጂነራት በረራ,,gide
785,Floor Layers,ናይ ደርቢ ላይተር,,gide
786,Floor Sanders and Finishers,ባይታ ሳንደርስን ፊንሸራትን,,gide
787,Floral Designers,መዳቢ፣ኣንቃጺ፣ኣጸባባቒ  ነዳፊ ን ዕንባባታት,,gide
788,Food and Beverage Serving and Related Workers,ኣዳላዊ መግቢን መስተን ምስኡ ዝተሓሓዝ ሰራሕተኛ,,gide
789,Food Preparation and Serving Workers,ኣዳላዊ መግብን መስተን ኣገልጋሊ ሰራሕተኛታትን,,gide
790,Food Preparation Workers,ዕዮ ምድላው ምግቢ,,gide
791,Food Processing Workers,መስርሕ መግቢ ሰራሕተኛታት,,gide
792,Food Science Technicians,ናይ ምግቢ ሳይንስ ቴክኒካት,,gide
793,Food Scientists,ክኢላታት ስነ-መግቢ,,gide
794,Food Service Managers,ኣካየድቲ ስራሕ ኣገልግሎት መግቢ,,gide
795,Forensic Science Technicians,ክኢላታት ስነ-ፍልጠት ቅድመ-ኵነት,,gide
796,Forest and Conservation Technicians,ክኢላታት ሕክምና ዱርን ስነ-ቝጠባን,,gide
797,Forest and Conservation Workers,ሰራሕተኛታት ዱርን ዕቃበን,,gide
798,Forest Fire Inspectors and Prevention Specialists,ክኢላታት ምክልኻል ባርዕ ጫካ,,gide
799,Foresters,ስነ ገረብ,,gide
800,Fundraisers,መዋፈሪ,,gide
801,Fundraising Managers,ሓለፍቲ ፈንድ,,gide
802,Funeral Attendants,ናይ ቀብሪ ተኣከብቲ ጸብጻባይ,,gide
803,Funeral Service Workers,ናይ ቀብሪ ሰራሕተኛታት,,gide
804,Furnace, Kiln, Oven, Drier, and Kettle Operators and Tenders,እቶን ፡ ድርዒ ፡ ናይ ኬት ኦፕሬተራትን ጅማውትን,,gide
805,Gaming Change Persons and Booth Cashiers,ምቅይያራት ጋህስን ምትሕልላፍ ቦትን,,gide
806,Gaming Services Workers,ሰራሕተኛታት ግልጋሎት ጊዘ,,gide
807,Gaming Surveillance Officers,ሓለውቶም,,gide
808,Gas Compressor and Gas Pumping Station Operators,ንቴሌፎናት ጋዝን ንቴሌፎናት ጋዝ,,gide
809,Gas Plant Operators,ተኸናኸንቲ ጋዝ,,gide
810,General Maintenance and Repair Workers,ሓፈሻዊ ሓለዋን ጽገናን ሰራሕተኛታት,,gide
811,General Office Clerks,ናይ ቤት ጽሕፈት ዋና ጸሓፊ,,gide
812,General Office Clerks,ናይ ቤት ጽሕፈት ዋና ጸሓፊ,,gide
813,Genetic Counselors,ጀነቲካዊ ምኽሪ,,gide
814,Geographers,ኣዳለውቲ መዝገበ ቃላት,,gide
815,Geological Engineers,ጂኦሎጂካዊ ኢንጅነሪንግ,,gide
816,Geological Engineers,ጂኦሎጂካዊ ኢንጅነሪንግ,,gide
817,Geological Technicians,ክኢላታት ስነ-መሬት,,gide
818,Geoscientists,ክኢላታት ስነ ፍልጠት,,gide
819,Glaziers,ግላዝቦርስ,,gide
820,Graders and Sorters (Agricultural Products),ተመራመርትን ጋዜጠኛታትን (Graders and Sorters (Agricultural Products)),,gide
821,Graduate Teaching Assistants,ምሩቓት ናይ ትምህርቲ ሓገዝቲ,,gide
822,Graphic Designers,ዲዛይነራት ስእሊ,,gide
823,Grinding and Polishing Workers (Hand),ምጥሓንን ምብልሻውን ሰራሕተኛታት (Grinding and Polishing Workers (Hand)),,gide
824,Grounds Maintenance Workers,ምኽኒያት ሰራሕተኛታት,,gide
825,Hairstylists,ስነ ጸጉሪ,,gide
826,Hand Laborers,ሸቃሎ,,gide
827,Hazardous Materials Removal Workers,ሰራሕተኛ ናይ ሓደጋ ነገራት ኣለይቲን ኣጽረይትን,,gide
828,Head Cooks,ርእሰ ከሸንቲ,,gide
829,Health and Safety Engineers,ናይ ጥዕናን ድሕንነትን ኢንጂነራት,,gide
830,Health Diagnosing and Treating Practitioners,ናይ ጥዕና መመርመሪን ሕክምናን ሓኻይም,,gide
831,Health Educators and Community Health Workers,ትምህርቲ ጥዕናን ማሕበረሰብ ሰራሕተኛ ጥዕናን,,gide
832,Health Information Technicians,ናይ ጥዕና ሓበሬታ ክኢላታት ቴክኒካት,,gide
833,Health Services Managers,ኣካየድቲ ናይ ጥዕና ኣገልግሎታት,,gide
834,Health Technologists and Technicians,ናይ ጥዕና ቴክኖሎጅታትን ቴክኒሻናትን,,gide
835,Healthcare Practitioners and Technical Workers,ሰብሞያ ክንክን ጥዕናን ቴክኒካዊ ሰራሕተኛታትን,,gide
836,Healthcare Support Workers ,ናይ ክንክን ጥዕና ደገፍ ሰራሕተኛታት,,gide
837,Hearing Officers,ሰማዕቲ መኰንናት,,gide
838,Heating and Air Conditioning Mechanics and Installers,መሞቒን መምረጺ ሜካኒካውን ኤነርጂን,,gide
839,Heavy and Tractor-trailer Truck Drivers,ከቢድን ትራክተር ዝዓይነታን ናይ ጽእነት ማኪና ዶክተራት,,gide
840,Heavy Vehicle Service Technicians,ናይ ከቢድ ብረት ኣገልግሎት ቴክኒሻናት,,gide
841,Helpers, Laborers, and Material Movers (Hand),ሓገዝቲ: ሸቃሎ: ማተርያል ሞተርስ (Helpers, Laborers, and Material Movers (Hand)),,gide
842,High School Equivalency Diploma Teachers,መምህራን ካልኣይ ደረጃ,,gide
843,High School Principals,ስርዓታት ካልኣይ ደረጃ ቤት ትምህርቲ,,gide
844,High School Teachers,መምህራን ካልኣይ ደረጃ,,gide
845,High School Teachers,መምህራን ካልኣይ ደረጃ,,gide
846,Highway Maintenance Workers,ጽርግያ ጽገና ሰራሕተኛታት,,gide
847,Historians,ጸሓፍቲ ታሪኽ,,gide
848,Home Appliance Repairers,ጽገና ኣባይቲ,,gide
849,Home Health Aides,ጥዕና ገዛ,,gide
850,Hotel Managers,ኣካየድቲ ሆቴል,,gide
851,Housekeeping and Janitorial Workers,ዓቀብቲ ቤትን ሰራሕተኛታት ጃኒተርን,,gide
852,Housekeeping Cleaners,ጽሬት ቤት,,gide
853,Human Resources Managers,ኣካየድቲ ዓቕሚ ሰብ,,gide
854,Human Resources Specialists,ክኢላታት ሰብ-ሃብቲ,,gide
855,Human Service Assistants,ንሰብኣዊ ኣገልግሎት ሓገዝ,,gide
856,Hunting Workers,ሰራሕተኛታት ሃድን,,gide
857,Hydrologists,ሃይድሮጀስት,,gide
858,Industrial Designers,ኢንዱስትርያዊ ነዳፊ,,gide
859,Industrial Engineering Technicians,ኢንዱስትርያዊ ኢንጂነሪንግ ተክኒሻናት,,gide
860,Industrial Engineers,ኢንዱስትርያዊ ኢንጂነሪንግ,,gide
861,Industrial Engineers,ኢንዱስትርያዊ ኢንጂነሪንግ,,gide
862,Industrial Machinery Mechanics and Maintenance Workers,ማሽነሪታት,,gide
863,Industrial Production Managers,ኣካየድቲ ኢንዱስትርያዊ ፍርያት,,gide
864,Information Clerks,ጸሓፍቲ ሓበሬታ,,gide
865,Information Clerks,ጸሓፍቲ ሓበሬታ,,gide
866,Information Research Scientists,ተመራመርቲ ስነ ፍልጠት,,gide
867,Information Security Analysts,ተንተንቲ ጸጥታ ሓበሬታ,,gide
868,Information Systems Managers,ኣካየድቲ ሓበሬታ ስስተምስ,,gide
869,Inspectors, Testers, Sorters, Samplers, and Weighers,ተቘጻጸርቲ ፡ ተስተኛታት ፡ ጋዜጠኛታት ፡ ሳምፕለርስ ፡ ዌዘርስ,,gide
870,Installation, Maintenance, and Repair Worker Helpers,ተኸላ ፡ ጽገና ዝግበረሉ ፡ ከምኡውን ረሳሕ ሰራሕተኛ,,gide
871,Installation, Maintenance, and Repair Workers (all other),ሽመትን ኣካቢትን ሰራሕተኛታት ረዲኤትን (Installation, Maintenance, and Repair Workers (all other)),,gide
872,Instructional Coordinators,መምርሒ ንዚህቡ ኣተሓባበርቲ,,gide
873,Insulation Workers,ንሰራሕተኛታት ምዝያድ,,gide
874,Insurance Sales Agents,ትርጕም መድሕን,,gide
875,Insurance Underwriters,ናይ መድሕን ጽሑፍ,,gide
876,Interior Designers,ውሽጣዊ ንድፊ,,gide
877,Interpreters,ተርጐምቲ,,gide
878,Iron Workers,ሰራሕተኛታት ሓጺን,,gide
879,Janitors,ጃንሆል,,gide
880,Jewelers,ጀወለሪ ናይ ሽልማትን ወርቅን ሰራሕተኛ,,gide
881,Job Analysis Specialists,ኪኢላን ናይ ስራሕ ተንታኒ,,gide
882,Journalists,ጋዜጠኛታት,,gide
883,Judges,መሳፍንቲ ወይ ዳኛ ወይ መማዪ,,gide
884,Kindergarten and Elementary School Teachers,መዋእለ ህጻናትን መባእታዊ ቤት ትምህርትን መምህራን,,gide
885,Kindergarten Teachers,መምህራን መዋእለ ህጻናት,,gide
886,Labor Relations Specialists,ክኢላታት ርክባት ሽቕለት,,gide
887,Laboratory Animal Caretakers,ኣለይቲ ቤተ ፈተነ እንስሳታት,,gide
888,Landscape Architects,ቅርጺ መሬት ወጣናይ,,gide
889,Landscaping, Lawn Service, and Groundskeeping Workers,ሰራሕተኛ ቅርጺ-መሬት ፡ ኣገልግሎት ምእላይ ፡ ዓቀብቲ መሬት,,gide
890,Lawyers,ጠበቓ,,gide
891,Layout Workers (Metal and Plastic),ሰራሕተኛታት መንብሮ (Layout Workers (Metal and Plastic)),,gide
892,Legal Assistants,ሕጋዊ ሓገዝ,,gide
893,Legal Support Workers (all other),ሕጋዊ ደገፍ ወሃብቲ ሰራሕተኛታት (Legal Support Workers (all other)),,gide
894,Legislators,ሓገግቲ,,gide
895,Librarians,ሰነ መጻሓፍቲ,,gide
896,Library Technicians and Assistants,ናይ ቤተ-መጻሕፍቲ ቴክኒሻናትን ሓገዝትን,,gide
897,Licensed Practical and Licensed Vocational Nurses,ፍቓድ ንግዲ ዘለዎምን ፍቓድ ዘለዎምን ናይ ሞያ ነርሳት,,gide
898,Life Scientists,ስነ-ፍልጠተኛታት ህይወት,,gide
899,Life, Physical, and Social Science Technicians (all other),ህይወትን ኣካልን ማሕበራዊ ስነ-ፍልጠት ቴክኒሻንን),,gide
900,Lifeguards and Other Recreational Protective Service Workers,ሓለውቲ ህይወትን ካልኦት ናይ ቀረባ ዕቝባ ኣገልግሎትን,,gide
901,Line Installers and Repairers,ሰራሕተኛ ኣጋጣጠምትን ጸገንቲ መስመርን,,gide
902,Loan Officers,መኰንናት ልቓሕ,,gide
903,Locker Room, Coatroom, and Dressing Room Attendants,ክፍሊ መሕጸቢ ክፍሊ: ኮተቴ: ከምኡውን ኣልባሳት,,gide
904,Locksmiths and Safe Repairers,ኣንጠረኛታት መሸጐርን መዕቈቢኡን,,gide
905,Lodging Managers,ኣካየድቲ መዕረፊ,,gide
906,Logging Workers,ኣመዳድባ ሰራሕተኛታት,,gide
907,Logisticians,ርትዓውያን,,gide
908,Machine and Equipment Setters, Operators and Tenders:,ማሺንን ማዕቐብን ፡ ኦፕሬተራትን ጅማውትን ፦,,gide
909,Machinists,ማሺንስት,,gide
910,Maids,ኣግራድ,,gide
911,Mail Clerks and Mail Machine Operators (Except Postal Service),ካሽፕን ማሽን ኦፕሬተራት ፖስታ (Mail Clerks and Mail Machine Operators (Except Postal Service)),,gide
912,Mail Clerks and Mail Machine Operators (Except Postal Service),ካሽፕን ማሽን ኦፕሬተራት ፖስታ (Mail Clerks and Mail Machine Operators (Except Postal Service)),,gide
913,Maintenance and Repair Workers, General,ሰራሕተኛታት ጽገናን ረዲኤትን ጀነራል,,gide
914,Makeup Artists (Theatrical and Performance),ሜክኣፕ ኣርቲስት (Makeup Artists (Theatrical and Performance)),,gide
915,Management Analysts,ተንተንቲ ምሕደራ,,gide
916,Managers ,ኣካየድቲ ስራሕ ,,gide
917,Manicurists,ስነ ጽባቐን ናይ ኣእዳውን ኣእጋርን ኣጽፋር,,gide
918,Manufactured Building and Mobile Home Installers,ዝተሰርሐ ዝንቐሳቐስ ገዛ ኣጋጣጣሚ,,gide
919,Manufacturing Engineers,ናይ ፍርያት ኢንጅነር,,gide
920,Manufacturing Sales Representatives,ናይ ፍርያት ሸየጣ ወኪል,,gide
921,Mapping Technicians,ናይ ካርታ ሓበሬታ ተክኒሻን,,gide
922,Marble Setters,ኣቐማጢ እምነ በረድ,,gide
923,Marine Engineers,ኢንጅነራት ባሕሪ,,gide
924,Marine Mechanics,መካኒክ ስነ ባሕሪ,,gide
925,Market Research Analysts,ተንተንቲ ምርምር ዕዳጋ,,gide
926,Marketing Managers,ኣካየድቲ መሸጣ,,gide
927,Marriage and Family Therapists,መርዓን ሕክምና ስድራ ቤትን,,gide
928,Masons: Brick, Block, Stone, and Cement,ነደቕቲ ፦ ሕጡብ ፡ ብሎክ ፡ እምኒ ፡ ስሚንቶ,,gide
929,Massage Therapists,ሕክምና ሓፋሽ,,gide
930,Material Movers,ኣንቀሳቓሲ ኣቕሑ,,gide
931,Material Moving Machine Operators,ንዋታዊ ናይ ምግዓዝ ማሽን,,gide
932,Material Moving Workers (all other),ሰራሕተኛታት ንዋታዊ ምግዓዝ (Material Moving Workers (all other)),,gide
933,Material Recording Clerks,መመላእታ ጽሑፍ,,gide
934,Materials Engineers,ናውቲ ኢንጅነር,,gide
935,Materials Scientists,ናይ ናውቲ ስነ ፍልጠተኛታት,,gide
936,Mathematical Science Occupations,ስራሕ ናይ ስነ ቁጽሪ,,gide
937,Mathematical Technicians,ቴክኒሻናት ሕሳብ,,gide
938,Mathematicians,ስነ ሕሳብ,,gide
939,Meat Packers,ዓሻጊ ስጋ,,gide
940,Meat, Poultry, and Fish Cutters and Trimmers,ስጋን ደርሁን ዓሳን ቈረጽትን ትሪመርስን,,gide
941,Mechanical Door Repairers,ጸጋኒ ናይ መካኒካዊ ማዕጾ,,gide
942,Mechanical Engineering Technicians,መካኒካዊ ኢንጅነር ተክኒሻን,,gide
943,Mechanical Engineers,መካኒካል ኢንጂነሪንግ,,gide
944,Mechanics - Automotive,መካኒዝም,,gide
945,Mechanics - Diesel,መካኒክ - ናፍታ,,gide
946,Mechanics - Heating, Air Conditioning, and Refrigeration,መካኒካት - ምህዳእን ኵነታት ኣየርን ምግብን,,gide
947,Mechanics - Industrial Machinery,መካኒዝም - ኢንዱስትሪያዊ ማሽነሪ,,gide
948,Mechanics - Small Engine,መካኒክ ንእሽቶ ኢንጂን,,gide
949,Mechanics, Installers, and Repairers,መካኒካትን መዝሓሊታትን ጸገንቲ,,gide
950,Media and Communication Equipment Workers,ሰራሕተኛታት መራኸቢ ብዙሃንን ኮሙኒኬሽንን,,gide
951,Media and Communication Workers (all other),ሰራሕተኛታት መራኸቢ ብዙሃንን ኮሙኒኬሽንን),,gide
952,Mediators,ማእከላይ,,gide
953,Medical Appliance Technicians,ክኢላታት ተክኒካት ሕክምና,,gide
954,Medical Assistants,ሓገዝ ሕክምና,,gide
955,Medical Billing and Coding,ናይ ሕክምና ክፍሊትን ኮድን,,gide
956,Medical Doctors,ናይ መዲካል ዶክቶራት,,gide
957,Medical Equipment Repairers,ጽገናታት ሕክምና,,gide
958,Medical Laboratory Technologists and Technicians,ክኢላታት ሕክምናን ቴክኒሻናትን,,gide
959,Medical Records Technicians,ክኢላታት ሕክምና ሪከርድ,,gide
960,Medical Scientists,ክኢላታት ሕክምና,,gide
961,Medical Services Managers,ሓለፍቲ ናይ ሕክምና ኣገልግሎታት,,gide
962,Medical Transcriptionists,ናይ ሕክምና ትራንስፎርመሽን,,gide
963,Meeting, Convention, and Event Planners,ኣኼባ: ኣኼባ ኣውራጃ: ከምኡውን ሰብ ውዕለት,,gide
964,Mental Health Counselors,ምኽሪ ኣእምሮኣዊ ጥዕና,,gide
965,Merchandise Displayers and Window Trimmers,ናይ ሸቐጥ መመስረቲ ኣቕሑን ዊንዶው ትሪመርስ,,gide
966,Metal Machine Workers,ሰራሕተኛ ናይ ሓጸዊን ማሽን,,gide
967,Metal Workers,ሰራሕተና ሓጸዊን,,gide
968,Metal Workers and Plastic Workers (all other),ናይ ሓጸዊንን ፕላስቲክን ሰራሕተኛታት),,gide
969,Meteorologists,ክኢላታት ስነ ጠፈር,,gide
970,Meter Readers (Utilities),ሜተር ኣንበብቲ (Meter Readers (Utilities)),,gide
971,Microbiologists,ማይክሮባዮሎጂስት,,gide
972,Middle School Principals,ስርዓታት ቤት ትምህርቲ ማእከላይ,,gide
973,Middle School Teachers,መምህራን ቤት ትምህርቲ ማእከላይ ደረጃ,,gide
974,Middle School Teachers,መምህራን ቤት ትምህርቲ ማእከላይ ደረጃ,,gide
975,Millwrights,ሰራሕተኛ ስነ ጥሕና ወይ ኢንዳስትሪ ማሽን,,gide
976,Mine Cutting and Channeling Machine Operators,ምቑራጽን ዕደናን ናይ ዕደና ማሽን,,gide
977,Mine Shuttle Car Operators,ናይ ነቷጊ ማሽን ኦፐሬቶር,,gide
978,Mining Engineers,ኢንጂነራት ዕደና,,gide
979,Mining Machine Operators,ኦፕሬተራት ዕደና,,gide
980,Mining Safety Engineers,ኣብ ሓለዋ ዕደና ዝነጥፉ,,gide
981,Mixing and Blending Machine Setters, Operators, and Tenders,ምሕዋስን ምውቕቓዕን ማሽን ፡ ኦፕሬተራትን ጅማውትን,,gide
982,Mobile Equipment Service Technicians,ብሞባይል ኢኲፕመንት ሰርቪስ ቴክኒሻናት,,gide
983,Model Makers (Wood),ሰራሒ ሞደል),,gide
984,Models,ሞደላት,,gide
985,Molders, Shapers, and Casters (Except Metal and Plastic),ለሓምን ቀራጽን (Molders, Shapers, and Casters (Except Metal and Plastic)),,gide
986,Morticians,ኣዳላዊ ሬሳ,,gide
987,Motel Managers,ኣካየድቲ ስራሕ,,gide
988,Motion Picture Projectionists,ናይ ተንቀሳቓሲ ስእሊ ኣነጻጻሪ,,gide
989,Motor Vehicle Operators (all other),ናይ ሞተረ ተንቐሳቐስቲ ኦፐሬቶር),,gide
990,Motorcycle Mechanics,መካኒካል ሞተር ሳይክል,,gide
991,MRI Technologists,ኤም ኣር ኣይ ክኢላታት ቴክኖሎጂ,,gide
992,Multimedia Artists and Animators,እተፈላለየ ኣልባሳትን ኣኒሜሽንን,,gide
993,Museum Technicians,ቴክኒሻናት ቤተ-መዘክር,,gide
994,Music Directors and Composers,መርበባት ሙዚቃን ኣቀናበርቲ ድርጅታትን,,gide
995,Musical Instrument Repairers and Tuners,ጽገናታት ሙዚቃ,,gide
996,Musicians,ሙዚቀኛታት,,gide
997,Nail Technicians,ሓካይም ኣፍንጫ,,gide
998,Natural Sciences Managers,ኣካየድቲ ባህርያዊ ስነ-ፍልጠት,,gide
999,Naval Architects,ህንጻ ሓይሊ ባሕሪ,,gide
1000,Network Architects,ነናይ ኔትዎርክ ክኢላታት,,gide
1001,Network Systems Administrators,ኣመሓደርቲ መርበብ ስስተምስ,,gide
1002,News Analysts,ተንተንቲ ዜና,,gide
1003,Nonretail Sales Workers,ኣወሃሃድቲ ናይ ሸቐጥ ዘይብሉ ባይታታት,,gide
1004,Nuclear Engineers,ኑክልየር ኢንጂነራት,,gide
1005,Nuclear Medicine Technologists,ኑክልየሳዊ ቴክኖሎጂ,,gide
1006,Nuclear Technicians,ኑክለራዊ ቴክኒካት,,gide
1007,Nurse Anesthetists, Nurse Midwives, and Nurse Practitioners,ኣላዪት ሕሙማት ፡ መጕዚት ፡ መሕረስቲ ነርስ ፡ ከምኡ እውን ነርስ ዘካይደኦ ሕክምና,,gide
1008,Nurses,ኣለይቲ ሕሙማት,,gide
1009,Nursing Assistants,ተሓጋገዝቲ ነርስታት,,gide
1010,Nutritionists,ስነ ማእዛታት,,gide
1011,Occupational Health and Safety Specialists,ናይ ስራሕ ሓለዋ ጥዕናን ድሕንነት ሞያተኛታት,,gide
1012,Occupational Health and Safety Technicians,ናይ ስራሕ ሓለዋ ጥዕናን ድሕንነት ቴክኒሻናት,,gide
1013,Occupational Therapists,ዝቖሰለ ወይ ዝሰንከለ ሰብ ናይ ምጽጋን ቁስልን ናይ ንቡር ህወት ዝመልስን ስራሕ,,gide
1014,Occupational Therapy Assistants and Aides,ተሓጋጋዚ ናይ ኣካላዊ ሽግራት ንዘለዎ ሰብ ዝጽግንን ናብ ንቡር ዝመልስን ሰብ,,gide
1015,Office and Administrative Support Workers,ናይ ቤት ጽሕፈትን ምምሕዳርን ደገፍ,,gide
1016,Office Clerks,ኣቕሽሽቲ ቤት ፅሕፈት,,gide
1017,Office Machine Operators (Except Computer),ኦፕሬተራት ቤት ጽሕፈት (Office Machine Operators (Except Computer)),,gide
1018,Operations Research Analysts,ተንተንቲ ምርምር መጥባሕቲ,,gide
1019,Ophthalmic Medical Technicians,ክኢላታት ሕክምና ማህጸን,,gide
1020,Opticians, Dispensing,ናይ ዓይኒ ክንክን,,gide
1021,Optometrists,ገለልተኛታት,,gide
1022,Orderlies,ስርዓት,,gide
1023,Orthotists,ክኢላታት ስነ ጥንቲ,,gide
1024,Packaging and Filling Machine Operators and Tenders,ናይ ዕሹግ ማሽን / ማሽን / ን ጅማውትን,,gide
1025,Painters (Construction and Maintenance),ቃንዛ (Painters (Construction and Maintenance)),,gide
1026,Painting Workers,ሰራሕተኛታት ስእሊ,,gide
1027,Paper Goods Machine Setters, Operators, and Tenders,ጽቡቕ ማሽን ኦፕሬተርን ጅማውትን ወረቐት,,gide
1028,Paperhangers,ለጠፍቲ ወረቐት ወይ ብ ወረቐት ዘጸባብቕ,,gide
1029,Paralegals,ንሕጋዊ ነገራት ዝተማህረ ግን ወግዓዊ ናይ ሕጊ ኪኢላ ዘይኮነ,,gide
1030,Paramedics,ንቐዳማይ ረዲኤት ንምሃብ ዝተማህረ ,,gide
1031,Parking Enforcement Workers,ሰራሕተኛ ስነ ዕሸጋ ወይ መጽኒሒ ቦታ መካዪን,,gide
1032,Parking Lot Attendants,መዕረፊ ማካይን,,gide
1033,Patternmakers (Wood),ዕንጸይታዊ ምልጋብ),,gide
1034,Payroll Clerks,ኣመሓዳሪ ናይ ክፍሊት ዶሞዝ ሰራሕተኛታት,,gide
1035,Pedicurists,ኪኢላ ስነ ጽፍሪ,,gide
1036,Personal Care Aides,ብሕታዊ ክንክን,,gide
1037,Personal Care and Service Workers,ናይ ግሊ ሓለዋን ናይ ኣገልግሎት ሰራሕተኛታትን,,gide
1038,Personal Financial Advisors,ናይ ውልቂ ፋይናንሳውያን ኣማኸርቲ,,gide
1039,Personal Service Workers,ናይ ግሊ ሰራሕተኛታት,,gide
1040,Pest Control Workers,ንሰራሕተኛታት ፌስታል,,gide
1041,Petroleum Engineers,ኢንጂነራት ነዳዲ,,gide
1042,Petroleum Pump System Operators, Refinery Operators, and Gaugers,ናይ ፐትሮልዩም ቱቦ ኦፐሬቶር,,gide
1043,Petroleum Technicians,ናይ ነዳዲ ቴክኒካት,,gide
1044,Pharmacists,ፋርማሲስት,,gide
1045,Pharmacy Technicians,ክኢላታት ፋርማሲ,,gide
1046,Phlebotomists,ናይ ፍሎቦቶት,,gide
1047,Photogrammetrists,ፎቶግራማት,,gide
1048,Photographers,ሰኣልቲ,,gide
1049,Photographic Process Workers and Processing Machine Operators,ከይዲ ስራሕ ስእልን ከይዲ ምድላው ማሽን,,gide
1050,Physical Scientists (all other),ኣካላዊ ሳይንቲስት (Physical Scientists (all other)),,gide
1051,Physical Therapist Assistants and Aides,ናይ ኣካላዊ ሕክምና ሓገዝን ሓገዝን,,gide
1052,Physical Therapists,ኣካላዊ ሕክምና,,gide
1053,Physician Assistants,ንሓኪም ዝሕግዙ ሓኪማት,,gide
1054,Physicians,ፊዝሻንስ,,gide
1055,Physicists,ፊዝክስት,,gide
1056,Pipefitters,ኣጋጣጠምቲ ቱቦታት,,gide
1057,Pipelayers,ኣንጸፍቲ ቱቦታት,,gide
1058,Plant and System Operators (all other),ናይ ተኽልን ምውሃሃድን ኦፐሬቶር),,gide
1059,Plasterers and Stucco Masons,ሃረምቲ ተኖኮ ,,gide
1060,Plastic Machine Workers,ናይ ፕላስቲክ ማሽን ሰራሕተኛ,,gide
1061,Plumbers,ኣጋጣጣሚ ቱቦታት,,gide
1062,Podiatrists,ሓካይም ፖድስት,,gide
1063,Police and Detectives,ፖሊስን መርመራን,,gide
1064,Police Dispatchers,ናይ ፖሊስ ንብረት ወይዞም ወንጨፍቲ,,gide
1065,Political Scientists,ፖለቲካዊ ስነ-ፍልጠተኛታት,,gide
1066,Postal Service Workers,ሰራሕተኛታት ኣገልግሎት ፖስታ,,gide
1067,Postmasters and Mail Superintendents,ናይ ፖስትን ኢመይልን ኣመሓደርቲ,,gide
1068,Postsecondary Education Administrators,ርእሰ ምምሕዳር ፖስትሞክራት ትምህርቲ,,gide
1069,Postsecondary Teachers,ርእሰ ምትእምማን ዘለዎም መምህራን,,gide
1070,Power Plant Operators, Distributors, and Dispatchers,ተኸተልቲ ሓይሊ ኤለክትሪክ ፡ ኣከፋፈልቲ ፡ ወይ መናዓብቲ,,gide
1071,Practical Nurses, Licensed,ግብራውያን ኣለይቲ ሕሙማት ፡ ሕጋውያን,,gide
1072,Precious Stone and Metal Workers,ሰራሕተኛ ክቡራት ኣእማንን ሓጸዊንን,,gide
1073,Precision Instrument and Equipment Repairers (all other),ጽገና ክቡራት መሳርሒታትን ኣቕሑኝ),,gide
1074,Prepress Technicians and Workers,ቴክኒሻናትን ሰራሕተኛታትን ኣዳለዉ,,gide
1075,Preschool Directors,ዳይረክተር ቅድመ ትምህርቲ,,gide
1076,Preschool Teachers,መምህር ቅድመ ትምህርቲ,,gide
1077,Pressers (Textile, Garment, and Related Materials),ጸቕጢ (Pressers (Textile, Garment, and Related Materials)),,gide
1078,Print Binding and Finishing Workers,ናይ ሕትመት ሓተምትን ወዳእትን ሰራሕተኛ,,gide
1079,Printing Press Operators,ወሃብቲ ኣገልግሎት ሕትመት,,gide
1080,Private Detectives and Investigators,ናይ ውልቂ መርመራ,,gide
1081,Probation Officers,ናይ ፈተነ መርማርን ኣመሓዳርን ደምዳምን,,gide
1082,Producers - Film, Theater,ንግዳዊ ርክባት - ፊልም ፡ ትያትር,,gide
1083,Production and Operating Workers,ሰራሕተኛታት ምፍራይን መቀያየሪ ኣቕሑን,,gide
1084,Production Managers,ኣካየድቲ ስራሕ,,gide
1085,Production Worker Helpers,ተሓጋጋዚ ን ናይ ውጺኢት ሰራሕተኛ,,gide
1086,Production Workers (all other),ሰራሕተኛ ኣብ ትካል),,gide
1087,Promotions Managers,ኣካየድቲ ስራሕ ኣብ መተባብዒ ማእከል,,gide
1088,Proofreaders and Copy Markers,ኣንበብቲ መሰኻኽርን ናይ ዋንነት ኣጽደቕትን,,gide
1089,Property Managers,ኣካየድቲ ንብረት,,gide
1090,Prosthetists,ሕክምናዉ ስነዓት ናብ መላግቦ ኢድ እግሪ ወይ ካልእ ኣካል ወዲ ሰብ,,gide
1091,Protective Service Workers,ሰራሕተኛታት ኣገልግሎት ውሕስነት,,gide
1092,Psychiatric Technicians and Aides,ክኢላታት ስነ-ኣእምሮን ክኢላ መወሸቢን,,gide
1093,Psychologists,ስነ-ኣእምሮኛ,,gide
1094,Public Relations Managers,ኣካየድቲ ህዝባዊ ርክባት,,gide
1095,Public Relations Specialists,ክኢላታት ህዝባዊ ርክባት,,gide
1096,Pump Operators,ኦፕሬተራት ፓምፕ,,gide
1097,Purchasing Agents,ንዕዳጋ ዝምልከት ጕዳይ,,gide
1098,Purchasing Managers,ኣካየድቲ ስራሕ ዓደግቲ,,gide
1099,Quality Control Inspectors,ዓይነታዊ ቁጽጽር ተመራማርን,,gide
1100,Quarry Rock Splitters,ፈላጺ እምኒ,,gide
1101,Radiation Therapists,ሕክምና ጨረር,,gide
1102,Radio Operators,ኦፕሬተራት ሬድዮ,,gide
1103,Radio, Cellular, and Tower Equipment Installers and Repairers,ሬድዮ: ሞባይል:ታወር ዝኣመሰሉ መሳርሒታትን ኣጋጣጣምን ኣዕራዪን,,gide
1104,Radiologic Technologists,ክኢላታት ቴክኖሎጂ ራዲዮሎጂ,,gide
1105,Rail Transportation Workers (all other),ሰራሕተኛታት መጓዓዝያ ባቡር),,gide
1106,Rail-Track Laying and Maintenance Equipment Operators,መገዲ ባቡርን መሳርሒታትን ኣንጻፍን ጸጋንን,,gide
1107,Railroad Occupations,ስራሕ መንገዲ ባቡር,,gide
1108,Ranchers,ሓረስታይ ናይ ከብቲ ሕርሻ,,gide
1109,Real Estate Brokers and Sales Agents,ወኪል ሸያጢ ወይ ዓዳጊ ናይ ዘይንቀሳቐስ ንብረት,,gide
1110,Real Estate Managers,ኣካያዲ ስራሕ ናይ ዘይንቀሳቐስ ንብረት,,gide
1111,Receptionists,ተቐባሊ ጋሻ,,gide
1112,Recreation Workers,ሰራሕተኛታት መዘናግዒ,,gide
1113,Recreational Therapists,መዘናግዒ ሞያውያን ሕክምና,,gide
1114,Recreational Vehicle Service Technicians,ናይ መዘናግዒ መኪና ኣገልግሎት ተክኒሻን,,gide
1115,Referees, Umpires, and Other Sports Officials,ጠበቓታትን ተሓጋገዝትን ካልኦት ሰበ ስልጣን ስፖርትን,,gide
1116,Refractory Materials Repairers (Except Brickmasons),ጸጋናይ ናይ ህንጻ ንብረት(Refractory Materials Repairers (Except Brickmasons)),,gide
1117,Refrigeration Mechanics and Installers,ኣጋጣጣሚ ፍረጅ,,gide
1118,Registered Nurses,ምዝጉባት ነርስታት,,gide
1119,Rehabilitation Counselors,ናይ ተሃድሶ ምኽሪ,,gide
1120,Reinforcing Iron and Rebar Workers,ንሓጺንን ንተባባዕነትን ሰራሕተኛታት ኣደልድሎ,,gide
1121,Religious Activities and Education Directors,ሃይማኖታዊ ንጥፈታትን መምርሒ ትምህርትን,,gide
1122,Religious Workers,ናይ ሃይማኖት ሰራሕተኛታት,,gide
1123,Repair and Maintenance Workers, General,ሰራሕተኛታት ጽገናን ጽገናን,,gide
1124,Reporters,ጋዜጠኛታት,,gide
1125,Residential Advisors,ኣማኸርቲ መንበሪ ኣባይቲ,,gide
1126,Respiratory Therapists,ሕክምና ስርዓተ ምስትንፋስ,,gide
1127,Retail Sales Workers,ሰራሕተኛታት ሸቐጥ,,gide
1128,Riggers,ኪኢላ ንቅስቓስ ከበድቲ ንብረት,,gide
1129,Roof Bolters (Mining),ኪኢላ ኣሳሪ ናይ ናሕሲ መጋጣጥሞ መሳምር),,gide
1130,Roofers,ኪኢላ ምግጥጣም ናሕሲ,,gide
1131,Rotary Drill Operators (Oil and Gas),ናይ ኩዕታ ኦፐሬቶር(Rotary Drill Operators (Oil and Gas)),,gide
1132,Roustabouts (Oil and Gas),ኪኢላ ዘይኮነ ኣብ ናይ ዕደና ዘይቲ ዝነጥፍ(Roustabouts (Oil and Gas)),,gide
1133,Sales and Related Workers,መሸጣን ምስኡ ዝዛመድን ሰራሕተኛ,,gide
1134,Sales Engineers,ነጋዶ,,gide
1135,Sales Managers,ኣካየድቲ ሸየጥቲ,,gide
1136,Sales Representatives, Services,ሸያጢ ወከልቲ ፣ ኣገልግሎታት,,gide
1137,School Counselors,ምኽሪ ቤት ትምህርቲ,,gide
1138,School Principals - Elementary, Middle, and High,መባእታን ማእከላይን ላዕለዋይን ደረጃ ቤት ትምህርቲ,,gide
1139,Science Technicians,ክኢላታት ስነ-ፍልጠት,,gide
1140,Secretaries,ሰክረታሪ,,gide
1141,Securities Sales Agents,ወኪል ሰክረታሪ ኣብ መሸጣ,,gide
1142,Security and Fire Alarm Systems Installers,ቅሳነትን ሓዊ ኣላርም ሲስተምስ ኢንስታልስ,,gide
1143,Security Guards,ሓለዋ ጸጥታ,,gide
1144,Segmental Pavers,ናይ መጻኢ መደብ,,gide
1145,Semi Truck Drivers,ሓውሲ ናይ ጽዕነት መኪና ኣውቲስታ,,gide
1146,Separating, Filtering, Clarifying, Precipitating, and Still Machine Setters, Operators, and Tenders,ምፍልላይ ፡ ምቅርራብ ፡ ምልላይ ፡ ምጽብባቕ ፡ ማሽን ፡ ኦፐረይተርን ጅማውትን,,gide
1147,Septic Tank Servicers and Sewer Pipe Cleaners,ኣጽረይቲ ናይ ረሳሕ ማይ ዝሓልፈሉ ቱቡታት,,gide
1148,Service Unit Operators (Oil, Gas, and Mining),ወሃቢ ኣገልግሎት ናይ ክፍሊ ኦፐሬተራት(Service Unit Operators (Oil, Gas, and Mining)),,gide
1149,Set and Exhibit Designers,ኣዳላዊ ንድፊ,,gide
1150,Sewers (Hand),ትሕተ ምድራዊ ቱቦ መንገዲ ርስሓት ማይ),,gide
1151,Sewing Machine Operators,ኦፕሬተራት ስፌት ማሽን,,gide
1152,Shampooers,ሻምፖዊን,,gide
1153,Sheet Metal Workers,ሰራሕተኛ ሓጺናዊ ነጸላ,,gide
1154,Shipping, Receiving, and Traffic Clerks,ምልኣኽን ምቕባል ማካይንን መራሕቲ ማካይንን,,gide
1155,Shoe and Leather Workers and Repairers,ሳእኒን ሰራሕተኛታት ቈርበትን ጽገናታት,,gide
1156,Shoe Machine Operators and Tenders,ኦፕሬተራትን ጅማውትን ጫማ,,gide
1157,Signal and Track Switch Repairers,ሲግናልን ከምኡ ውን ትራክን ጽገና,,gide
1158,Singers,ደረፍቲ,,gide
1159,Ski Patrol and Other Recreational Protective Service Workers,ተኸላኸልትን ካልእ መዘናግዒ ሰራሕተኛታትን,,gide
1160,Skincare Specialists,ክኢላታት ስኪንካረ,,gide
1161,Slaughterers,መሕረዲ,,gide
1162,Small Engine Mechanics,ናኣሽቱ ሞተረ መካኒክ,,gide
1163,Social Science Research Assistants,ንማሕበራዊ ስነ-ፍልጠት ምርምር ዝሕግዝዎ,,gide
1164,Social Scientists and Related Workers (all other),ማሕበራዊ ስነ-ፍልጠተኛታትን ተዛመድቲ ሰራሕተኛታትን),,gide
1165,Social Service Assistants,ንማሕበራዊ ኣገልግሎት ሓገዝቲ,,gide
1166,Social Service Managers,ኣካየድቲ ማሕበራዊ ኣገልግሎት,,gide
1167,Social Workers,ማሕበራዊ ሰራሕተኛታት,,gide
1168,Sociologists,ተመራመርቲ ስነ-ሕብረተሰብ,,gide
1169,Software Developers,ኣማዕበልቲ ሶፍትዌር,,gide
1170,Solar Photovoltaic Installers,ጸሓያዊ ብርሃን ፎቶቮልታይክ,,gide
1171,Solderers,ኣልሓምቲ,,gide
1172,Sound Engineering Technicians,ክኢላታት ናይ ድምጺ ተክኒሻን,,gide
1173,Special Education Teachers,መምህራን ን ፍሉይ ትምህርቲ,,gide
1174,Special Education Teachers,ፍሉይ ትምህርቲ ዘምህሩ መምህራን,,gide
1175,Speech-Language Pathologists,ኣገባብ ኣዘራርባ,,gide
1176,Stationary Engineers,ናይ መደበር ኢንጂነራት,,gide
1177,Statistical Assistants,ብስታስቲካዊ ሓገዝ,,gide
1178,Statisticians,ስታስቲከኛ,,gide
1179,Steamfitters,ኣጋጣጠምቲ ስቲም,,gide
1180,Steel Workers,ሰራሕተኛ ሓጺን,,gide
1181,Stonemasons,ነዳቓይ እምኒ,,gide
1182,Substance Abuse Counselors,ኣማኻሪ ናይ ብ ወልፊ ሽግር ዘለዎም ሰባት,,gide
1183,Subway and Streetcar Operators,ድሕተ መሬትን ኣብ ጎደናን ዝጎዓዛ ተሽከርከርቲ ኦፐሬቶር,,gide
1184,Surgeons,ክኢላታት መጥባሕቲ,,gide
1185,Surgical Technologists,ክኢላታት ሕክምና መጥባሕቲ,,gide
1186,Survey Researchers,ተመራመርቲ,,gide
1187,Surveying Technicians,ቅየሳ ተክኒሻን,,gide
1188,Surveyors,ቀየስቲ,,gide
1189,Switchboard Operators (Including Answering Service),ኦፕሬተራት ስዊችን ቦርድ (Switchboard Operators (Including Answering Service)),,gide
1190,Systems Analysts,ተንተንቲ ስርዓት,,gide
1191,Tailors, Dressmakers, and Custom Sewers,ሰፈይቲ ክዳን,,gide
1192,Tank Car, Truck, and Ship Loaders,ጸዓንቲ ታንክ፣ ዓበይቲ ማኪና፣መርከብን,,gide
1193,Tapers,ለጣፊ ወይ ኣግጣሚ,,gide
1194,Tax Examiners and Collectors, and Revenue Agents,ናይ ቀረጽ ተመረማርን ኣካብን ከምኡ ውን ናይ ውጺኢት ወኪልን,,gide
1195,Tax Preparers,ኣዳለውቲ ግብሪ,,gide
1196,Taxi Drivers,ታክሲስታ ወይ ዘዋሪ ታክሲ,,gide
1197,Teacher Assistants,ተሓጋገዝቲ መምህራን,,gide
1198,Teachers,መምሃራን,,gide
1199,Technical Writers,ተክኒካዊ ጸሓፍቲ,,gide
1200,Telecommunications Equipment Installers and Repairers (Except Line Installers),ናይ ቴለኮሚኒኬሽን ኣቕሑት መጸገኒታትን (Telecommunications Equipment Installers and Repairers (Except Line Installers)),,gide
1201,Telemarketers,ኣሰናዳእን ኣማዓራራዪን ተለፎን,,gide
1202,Telephone Operators,ኦፕሬተራት ቴሌፎን,,gide
1203,Television, Video, and Motion Picture Camera Operators and Editors,ተለቪጅን፣ቪድዮ፣ተንቀሳቃሲ ስእሊ ካመራ ኦፐሬቶርን ኣወሃሃድን,,gide
1204,Tellers,ሓበርቲ መስርሓት ናይ ምእታውን ምውጻእን ናይ ዓሚል ኣካውንት,,gide
1205,Terrazzo Workers,ናይ ገጽ ጽፈትን ወዳእትን ን መንደቅ፣ቤትሮ ወዘተ,,gide
1206,Textile Bleaching and Dyeing Machine Operators and Tenders,ኣብ ጨርቃ መርቂ ምጽሓፍን ናይ ሕብሪ ማሽን ኦፕሬተራትን ጅማውትን,,gide
1207,Textile Careers,ኣለይቲ ዓለባ,,gide
1208,Textile Cutting Machine Setters, Operators, and Tenders,ናይ ዓለባ ማሽን ፡ ኦፐረይተርን ጅማውትን,,gide
1209,Textile Knitting and Weaving Machine Setters, Operators, and Tenders,ጨርቃ ጨርቂ ተንበርኪኽካ ማሽን ምዕጣቕ ፡ ኦፕሬተራትን ጅማውትን,,gide
1210,Textile Winding, Twisting, and Drawing Out Machine Setters, Operators, and Tenders,ጨርቃ ጨርቂ ብምንቅስቓስ ፡ ብምጥዋይ ፡ ማሽን ኦፕሬተራትን ጅማውትን ብምድላው,,gide
1211,Textile, Apparel, and Furnishings Workers,ዓለባን ኣልባሳትን ኣቕሑን ዝሰርሑ,,gide
1212,Therapists,ክኢላታት ሕክምና ተራፖስት,,gide
1213,Tile Setters,ጋጣጣሚ ማተነላ,,gide
1214,Timekeeping Clerks,ናይ ግዜ ኣገልጋሊ,,gide
1215,Tire Builders,ኮሚስታ ወይ ሰራሕቲ ጎማ መኪና,,gide
1216,Tire Repairers and Changers,ንጸገንቲን ንለውጢታትን ጎማ,,gide
1217,Tobacco Processing Workers,መስርሕ ትንባኾ ሰራሕተኛታት,,gide
1218,Tool and Die Makers,ንዋት መካበብያ,,gide
1219,Tool Grinders, Filers, and Sharpeners,ንመጥሓንትን ንፊላዛትን ንሸራዶን ንዋት,,gide
1220,Top Executives,ላዕለዎት ሓለፍቲ ስራሕ,,gide
1221,Tour Guides and Escorts,ናይ ቱሪዝም ኣዛወርቲ,,gide
1222,Traffic Technicians,ቴክኒካት ትራፊክ,,gide
1223,Training and Development Specialists,ናይ ስልጠናን ምዕባለን ክኢላታት,,gide
1224,Training Managers,ኣካየድቲ ስልጠና,,gide
1225,Translators,ተርጐምቲ,,gide
1226,Transportation and Material-Moving Machine and Vehicle Operators,መጓዓዝያን ነገራት ተጉዓዕዝ ማሽንን ተንቀሳቓሲት ተሽከርካሪትን ኦፐሬቶር,,gide
1227,Transportation Attendants,ናይ መጐዓዝያ ተዓዘብቲ,,gide
1228,Transportation Inspectors,ተቖጻጸርቲ መጓዓዝያ,,gide
1229,Transportation Security Screeners,መርኣዪ መጕዓዝያ,,gide
1230,Transportation Workers,ሰራሕተኛታት መጐዓዝያ,,gide
1231,Transportation, Storage, and Distribution Managers,ኣካየድቲ ምጉዓዝን ምኽዛንን ምዝርጋሕን ,,gide
1232,Travel Agents,ወኪል ጉዕዞ,,gide
1233,Travel Clerks,ጸሓፊ ጉዕዞታት,,gide
1234,Travel Guides,ናይ ጉዕዞ ኣለይቲ,,gide
1235,Truck Drivers - Delivery and Sales Workers,ሰራሕተኛ ናይ ዓበይቲ መካይን ኣውቲስታ፣ ናይ ምብጻሕን ምሻጥን ,,gide
1236,Truck Drivers - Heavy and Tractor-trailer,ናይ ዓባይቲ መካይን ኣውቲስታን ከበድትን ትራክተራትን,,gide
1237,Ultrasound Technician,ቴክኒሻን ኣልትራሳውንድ,,gide
1238,Umpires, Referees, and Other Sports Officials,ጠበቓታትን ደያኑን ናይ ስፖርታዊ ንጥፈታት,,gide
1239,Upholsterers,ኣማላኻዕቲ፣ጸገንቲ፣ሸፈንቲ,,gide
1240,Urban and Regional Planners,ሓንጸጽቲ ከተማን ኣከባቢያውን,,gide
1241,Ushers, Lobby Attendants, and Ticket Takers,ተቀበልቲ ኣጋይሽን ኣሳሰይቲን ኣብ ውራይ,,gide
1242,Vascular Technologists,ተሓጋጋዚ ፊዚሻን,,gide
1243,Vending, Coin, and Amusement Machine Servicers and Repairers,ለኣኽትን ሸየጥትን ጸገንትን ማሽናት,,gide
1244,Veterinarians,ተኸናኸንቲ ጥዕና እንስታታት ወይ ሓካይም እንስሳታት,,gide
1245,Veterinary Assistants,ተሓጋጋዚ ሓኪም እንስሳ,,gide
1246,Veterinary Technologists and Technicians,ተሓጋጋዚን ተክኒሻንን ሓኪም እንስሳታት,,gide
1247,Video Editors,ኣሰናዳእቲ ቪድዮ,,gide
1248,Vocational Nurses,ተሓጋገዝቲ ዶክተር ልቸንሳ ዘለዎ,,gide
1249,Waiters and Waitresses,ኣሳሰይቲ,,gide
1250,Watch Repairers,ኣዓረይቲ ሰዓት,,gide
1251,Water and Wastewater Treatment Plant and System Operators,ማይን ረሳሕ ማይን ምጽራይን መስርሕን ኦፐሬቶር,,gide
1252,Water Transportation Occupations,መጓዓዝያ ማይ,,gide
1253,Web Developers,ሰራሕቲ ወብሳይት,,gide
1254,Weighers, Measurers, Checkers, and Samplers, Recordkeeping,ክብደት መዘንትን ኣረጋገጽትን መዝገብትን,,gide
1255,Welders and Cutters,ኣልሓምትን ቆረጽትን ን ሓጺናዊ ስራሓት,,gide
1256,Wellhead Pumpers,ኣወሃሃድቲ ማይ ክዖ ኣብ ኩዕታ ዘይቲ ወይ ጋዝ,,gide
1257,Wholesale Sales Representatives,ወኪል ናይ ሸየጣ,,gide
1258,Wildlife Biologists,ስነ-ህይወት እንስሳ ዘገዳም,,gide
1259,Wind Turbine Technicians,ናይ ንፋስ ተርባይናት ቴክኒሻናት,,gide
1260,Woodworkers,ጸራቢ ዕንጨይቲ,,gide
1261,Word Processors and Typists,ጸሓፍቲ ኣብ መጽሓፊ ኮምፑተር ከም ዎርድ,,gide
1262,Writers,ጸሓፍቲ,,gide
1263,car rent,zkare makina ,,gide
1264,bicycle rent,zkare bshigleta ,,gide
1265,house to rend,zkare geza ,,gide
1266,rent,zkare ,,gide
1267,better than me,ካባይ ይሓይሽ,,gide
1268,what was that,እንታይ ኔሩ,,gide
1269,what was that,እንታይ ኢዩ ኔሩ,,gide
1270,what is that,እንታይ ኢዩ,,gide
1271,there is no,የለን,,gide