url	name
https://news.google.com./read/CBMiyAFBVV95cUxPQlhjY2tCMkJyUEtXYnluekQxcnJMbTQ5b3RjS1Y1QWI2RkNpVFF5Nnktbm1jZmxrd0VlQWtQWTl4aWVBRU81am4xYklMc0FaaGZjSC1lb0dEMUdTdHMtanZ0N2JXVDZaRnpvUkpwNEthRWl3QUloNmY2b1VaU1VyWFBaRU8yNWszRkkzOTM1U1BMVGhIVUd4MUtSeVVXWkNPWDFFSWFBSTFQSDhtWU5LaWprckxjOE9iU3ZUZEJGUW1UeUtfbk14ZA?hl=en-US&gl=US&ceid=US%3Aen	Marvel Studios
https://news.google.com./read/CBMiuwFBVV95cUxNYlVkOHc5dnN4Z1ktaDIzTUlJSEwtbXA2ZXRHajZwZ2FBeXk3SlJ5ODZDN19seWJmbURleFN3alNYcE94U0tPcWhub3FpbElDcTloQjRPZkZvM2RBU2Y3eDhZWjlpbHJtSVBHajdSSDdYdEZFcy15eWszN3gyaWxTUVVVMGVyanNxUlJZakp6X1VqMlppVGNzV2phbXk2V1kzcGliYklaT0JabWlPa0ZKU3lyQXYxNWV2LU9n?hl=en-US&gl=US&ceid=US%3Aen	Marvel Studios
https://news.google.com./read/CBMiaEFVX3lxTFBpWWl1RzNUY3R4RHk2ZDlocUV4ZUdFeWZEelVzc2RyUU90R1BPNTNNVUlabDVxdl9pb0xSbnNXNDdTX1NNdjlWaFMzeXlZemg1UVAtbG1NeEo4NnhBT2JSQjBGaXZMOTRl?hl=en-US&gl=US&ceid=US%3Aen	Marvel Studios
https://news.google.com./read/CBMifkFVX3lxTE9mVkhDRnFudElyYzJIRUo1Z2ZBMEVMaXBDZ2I2bEFxMFRwUXlGRGxwSHpUcmhJVUlDa0JOektOa01kOFc1aWlhSDdmXzZoMVloaDVIeFEyVERpV3NsSTBIZFkzcG5aak1rYV94MW1JOE9zVTJlV1FZd3p1QjNMZw?hl=en-US&gl=US&ceid=US%3Aen	Marvel Studios
https://news.google.com./read/CBMiYEFVX3lxTE4zc2VHb3hCd2t2MGFIM2h0NGJhanFGQUpnZElqRHBETktqbm5naWNqUFB1X2VNenc2R3hsRVJWRHhNbmFKcUdHZWpBZ3NaRG02VDd0eU5qa3VZQ2xyRU8wSA?hl=en-US&gl=US&ceid=US%3Aen	Marvel Studios
https://news.google.com./read/CBMiekFVX3lxTE1Fd090S0RmWXlBOXMzNE9xb3NIU0w3dHRPZTJGVzZveDQ5WW9KZjhVZDZiZWJTNy1RQWR4YW53eHRyZmkxdHdSRVl1aW92bHVxZVd4dGtRbnlyRmRDZFE4WE11N19xR29TQ3ZqWGNQQl82VlVjS05SZldR?hl=en-US&gl=US&ceid=US%3Aen	Marvel Studios
https://news.google.com./read/CBMiakFVX3lxTE8yWENxWldzZ1ZtMERyVTBPY3dxWk1yR1kxak1nS1ZnNmZFbFFiZks0cmxjdFZOcXVuT2JNa0NvcGtYcUJybENEWHJTTDZ5Q2tqalg3cm9TY0Fmc1dSQlVBNEViU0FSQ2c0a1E?hl=en-US&gl=US&ceid=US%3Aen	Marvel Studios
https://news.google.com./read/CBMiZEFVX3lxTE0zN3hpS1NJS0IxaEVuYkFvSUswRk5QeThPeWI4ODhRdzd6YVZwTTkzd1NtYmNxZkdPMnRqMXZHSW9xVmo5MVdGUmYxM2pNbGJsMXlxYTVldXY2MmpyQWZYQllMVTjSAWRBVV95cUxNMzd4aUtTSUtCMWhFbmJBb0lLMEZOUHk4T3liODg4UXc3emFWcE05M3dTbWJjcWZHTzJ0ajF2R0lvcVZqOTFXRlJmMTNqTWxibDF5cWE1ZXV2NjJqckFmWEJZTFU4?hl=en-US&gl=US&ceid=US%3Aen	Marvel Studios
https://news.google.com./read/CBMilAFBVV95cUxPRHZibFdrekllQkU3S2djVWswMFA1eVJlV2hEREZhYlVMOVNfOFJFUlh1NUxvUy0tV2dQLUVUSkpPbWhOY3Rpam1LTm1TMFFxdTZJT21iN3hMSzJaLTdyNnMxNHZ4LTdOQ0dGbVU4cWNlcUVuVERlUlcxT1lEU1hWckhOdGVxS0ZuWlRHMVFiME55YzRG?hl=en-US&gl=US&ceid=US%3Aen	Marvel Studios
https://news.google.com./read/CBMi7gFBVV95cUxQYjRpVXA0OC1XVklfaEpHWmpsSHk1X1JSZS12LUVHWHo2ajRSdHQtTkVINkhoQzBYMVNyMUZLX3lYQW5LWDhqcUNPUC1yOFdDRXJ6Qkh6WTJiSldaX3NYN2I3NmhJYWpOQVROWHFZYUZqZWs2Slp5al9IeVY0M3B4UzQxNGpSc2ZQeXZLWm1sUGFXb21nMDkxWXVHemhwZ3k1VEhFazhPYTQzeWJxWERablJKWU5qMC1Ma3pWclU2UkEyN3pWa085Q1VzQV9kWEw1LVVkalJEdUE0WjgxYXVNdHZvNEhCekxES3JXRmt3?hl=en-US&gl=US&ceid=US%3Aen	Marvel Studios
https://news.google.com./read/CBMi4wFBVV95cUxOd1B6WUFHLTNJSTZtUFdLNkYyaElWdFh0M2daazg3Si1fUVRTNUZSblR0MEVjcElaNHJGRWgyUm1pMXZvbFU3aUhRdUlVOWk1VGs5dVdfSmxocXBBU2lCcjE2ZmdjZ3d2NFlPOWZGWlVOMzU5N0dYVkYyS0p3U2Z0bTRDOXUwcDNKZlNWQjVKWVFwYThsT1hqZmR3c0VVX3JjNTJLakw1OEluMTMzaGhCOG0xeEw2UkJjTWdlSnF5Y0ZiTnVuaU5KN2Q0cVZHVzdsWkIyQW1YYlYzOUdPOHMyTkJ1UdIB6AFBVV95cUxONEFCYkpBSVNFNVgtdFZyOUZvVDVfcjlfd1k4Unc5TjEtRkp5enN6OUFqeTc2NFhmRFV1UExSaEZIeFNOYnRFdWc3UFdHZmlYY1lwUElCY0FfbDlHZnBERW1ETmxRNlBSaEFZN2RqZVRiWjR5VERoblhkckJkOUdmOE1iTG1fNUU4Q0RMazczYW1iRDJWLWpwaXJnOUdCOE5XUjh1ek1ZdGM4ZVF5V1BoM0E1dEhWT1B4cFo2QWRZM3F0M2hsMzRTc0poN3FLd0NYRmhDYS05M203TS1qLUE1bnpoR05La2tC?hl=en-US&gl=US&ceid=US%3Aen	Marvel Studios
https://news.google.com./read/CBMib0FVX3lxTE9kN3FNYU14aVpvOWptbUhnbTJ4S1lIRENFMGNUUW13aWQ0WUtuWDlLRl9VNnhBc25EYzhqOEZIczhoR3cxZlJUUG5HQWVwRWNCODRQR0hZYjloYVRMcFhPR2RKeW4ta1Jmb1RtV2xQTQ?hl=en-US&gl=US&ceid=US%3Aen	Marvel Studios
https://news.google.com./read/CBMiugFBVV95cUxNVkNCbk11dHo0M0F0Ty13UjEweldGUFdWbEloaTdfRV9KU0pxVWpjX01mYnFOOGVJLTR3ay1wX2oyRDJ6SU9IZVpBQVNuQ19LRmlfRXA0SzZROWFFNkpMR1dEOGZJczhJaFMzbnJWdzFpRDNySmxVQkVTVmlzYmt5Ynk1RV81Y1N3YW1WXzIyS3hJNzVVdUpoUEFyTDZDdEZrNmFrSUZQaEJpRGFFV1dGQzNiRDViVmJYV2c?hl=en-US&gl=US&ceid=US%3Aen	Marvel Studios
https://news.google.com./read/CBMinAJBVV95cUxNYU9pZVZmal91RGFubzQxbE4xOFJkUkMxMXpYci1CcGx6SGlDMTZSQkVrRkZhS0Z3RFVXYVpfaTZsVjlNZl9KYkxacVMwZ0NSYy1uYjUyTXRHQ19QV1NCUFBNeGZuZU8yc0lGOWp4SFZhRGJlNXVIdVdqY1FMX0g5d0s3NEo2T1JzVUNwZjhvV2xnYloxZmZtcWxEaGpNTmlsRXlBSE9TRWIwYVAwajQ4bmFLZl82eHZSbFFRaUg0YThNd3RDZE1KTE8ydWRMblhUcHVlRF9DdDdnYjZlT1h4d0hScDFrM01zU2x5dW9xRVBNeUJadDhIN0M1TzRrM0ZmS2puMUJQLUZMa2IycXdfWnJNMGJYbWVOWEg4OQ?hl=en-US&gl=US&ceid=US%3Aen	Marvel Studios
https://news.google.com./read/CBMilwFBVV95cUxQYWFKOGpmU09LeVF0cUJYWkM1Yzd3d1lWWExHODRrV3lyWXZiVlJjZE5IWWhwS2RzdUdTVHdFQlRfVDkzR2RvMGFQZ3loWDBXZUtKRjRwdmFOTEZpOHlhRWZNaDFkeU1Fck9aMEdvb1dNOXBlWmNpRy1aN0ZLUXFfa2JsNEh6d3BpWm02bkVpTEFFNWFiZWVV?hl=en-US&gl=US&ceid=US%3Aen	Marvel Studios
https://news.google.com./read/CBMinwFBVV95cUxNS3RVOHBGYWwxaFp1X0tzUmFWdmIyaFM0SmdvM3JNM0J2Rk9iY3N5MnhZWWtKT0NMTlFrMFQ0aXRHWHpoT21BSjR3cThfaENwelhoLUJsZjg3M0VVTXY4cjJLZi1FMjFBMUNSaGV3NUFtb3J5dnNMeE1STnVBci1Md0syOHJXb1BTdmJiWTVJdWI3Qm53N1hfN2RscWE0UWPSAaQBQVVfeXFMTTRrcG84ay1xTzdYdy14RmlJMXdhdWRVSWxSVVVwdWV0U1pZY29LRkJuNk9UODdUVlZTbnJ6M3lyYm1tbzZGNUdwWWc1QThOMFk0Z2NXVlllQWJjY1J2MnFDbDFNZi13cHphTGFUZkthbnVXamE1aEtnTE9rQWo0TUI5ZEZYd0ZRbkxTdzRBZFA4WDg3dlhjVkdzR3dLRklHM1E2Q2Y?hl=en-US&gl=US&ceid=US%3Aen	Marvel Studios
https://news.google.com./read/CBMiiAFBVV95cUxNS2R5a1RoVEdFU283cm1pdmhkcV81ZGozM3ZCTXA4Q1hXUXpGaWl1MjRjR1d1LWNETTRqc3Y2VW90aFRacUlfMHZ5dXhFTlpxLUREcnczOFNJajlsMlc4NS1QVDNldVpORmdocGpfSmFYVk1FQmY0cHQ3SWNpS01sN00zcFJ2dVFW?hl=en-US&gl=US&ceid=US%3Aen	Marvel Studios
https://news.google.com./read/CBMidkFVX3lxTFBWTVRTNUF2cjFCWUFhN3B1M0tIZVNJR1I2eWh2c0xYYXJ0UjcxRUNpWUxTcEwxZDIwV0xCWjA5ZnRGMmtCZVBEa3NMZ0ppSnNwWm9EOXZXUXR4YU96RmZsUnFXR0ZoMEVJZTRZWTU0MkJMbmxXUlE?hl=en-US&gl=US&ceid=US%3Aen	Marvel Studios
https://news.google.com./read/CBMivwFBVV95cUxPTHNmYy12ck5VaTFIWFpLWEFyOTRaQzVnbFdMZzZmdGRtYlRYRDFUemJsYjdhZVlCQ2JoekVVU05zZ0lfLUU5YVFqVEpOYnMxak44N2ZVNzBQUW1YTDRfUHZZalY5eVVUV0RXaXJHbXlhV25yQlpoZzRUTjhnbHlaOUxTWEFzdTVPaVRfOTd4VmgwNW5FdTltdFZKWEpaXzZpaVJsbzA4WWFLSURIcEI5MVpGQjRDdjlxeDNWa25fUQ?hl=en-US&gl=US&ceid=US%3Aen	Marvel Studios
https://news.google.com./read/CBMijgFBVV95cUxNMGZTb05HNTNzdnp0aU4xZjJvbUIyT2VlaXNsd1ZuYkZDcmVSclJrc2dhejFlcnFNQWNWZVRNbmtOUjM2M0dlV0ZLNUV3cHVEVnh1dlJacVNHQU5nWU13dXpyZUVKT0JCUmF6OUNQcGVzN1RnVzhnN211bWFKYks0aU9FU1pXTTM0M2NUVmJR?hl=en-US&gl=US&ceid=US%3Aen	Marvel Studios
https://news.google.com./read/CBMiwwFBVV95cUxOTllDVmllS2xWT0ZvNEh4enQyeFFCU2swQ2lJSkZZb3R5RjNhUGNvcmEtUkFIWUhORXVmTHIwcjVJd3RNWFZpMW1FLVFiMHpWRE51dnZIcjJDckJJQ3BzYW9vWTZjNEVyTlZKMFRkQ0V5d2RJRGExMVhzR0VQWDBKYkdhengzVUxZeUxNRDdJbGItYl9iR3BXb3ozSUZUcmhVTTdkWDVhdWRTVXF5SzYtR1gyUTlhUDMzNUUweVpaR2xlLXM?hl=en-US&gl=US&ceid=US%3Aen	Marvel Studios
https://news.google.com./read/CBMixwFBVV95cUxNRmZEdE1nN29weG9Oa1NqUFhhZGFyZjZCQ2hGM2Z0aGh3VnlJV3pydzhDMEV1T0xHbFgyT1pzY2Q4Q0RkV0hfTGNVTi0zcHlpU3dLMGl6bnJ3dC0yT2JJcjBPbHd1Wm84d2hZMXRGNjkxTkcwUUhPVVhiWU5IVGZYVDh6NnE2aWJ5d0JzaDlzc0QybnV2TFdNeEpnUlgtdVhFRkZXdXhlUE8zNDNLUGV0eDBIMGhmYnF2ZWZ6M0JKTndDZnF4ZFlJ0gHMAUFVX3lxTE5GbTZJeVdpRDhVWndoUldPZ3lUZGptZGl6WERMU2ZKdEVjSlZnWW0xaEFadVcyZUdoOGNOOHFLRWp4SzFJT0tYd1ZIVnAtX1pvU19zNE1zMWo0NTRVR0F0QWhMaEFsS1hWNzljSG5HN1NKNmRZMUE3WUFoLTRhamp0S3k3aGdXby1YZ3NhemszRjEwMWNDY2RJcWxEcnFkcGd5WXpUWmY4WEFqUy1fOGFZZzNKUnotNThENVN1djU5MDFYclNZZmFHbHM3Wg?hl=en-US&gl=US&ceid=US%3Aen	Marvel Studios
https://news.google.com./read/CBMiowFBVV95cUxQYnpYSUVaWGpZdkVEM3ZNZXEzMTRrNW1lc2dhbmh1ckpxd0ZFdW5pQnpKdTE0T1VJRUltZFF6b0dHTDZvUldZdkZRQ2Vmcmx2bGVudjdWRzRvVkhucVVUWlhJWFpMcTltNDdyNUhYNEs3NnBtRDlIemZoQXpFZTI1MU9xbVFRc3RVQTB5aTVUSHpaYkxRNHZsRWNfUF8xOXFROTg4?hl=en-US&gl=US&ceid=US%3Aen	Marvel Studios
https://news.google.com./read/CBMiqwFBVV95cUxQbUtyV0VCbnN5R3hYclBSVlBFa1c2S1NYeW5MYUxUUTRYZkUwVC1WN0x1TC0zRUJUSGRuMUJHWGVUT3BDS1R2bHNoNms2Q1JRcWViUHZKTWhJbXlPa1M5Nmx1dHRDUml5ZFNsdm9jZHRrRFBXaHVuaV9hUTdOakRreFFnYzd0ZHRlVlpiUjZ5S1EzeHMwbWdfaGVNMmlia1Zxel85TS1rSFpNTU0?hl=en-US&gl=US&ceid=US%3Aen	Marvel Studios
https://news.google.com./read/CBMisgFBVV95cUxQUmlhSEVOT3ZYb3ZPZ2gxeE1uTDB5MFNuQ21maFQzODFuU3I1bmdXeC1lSFhiaUJRallCN3BhaDUzUnRieWppcjlUdXljRWE0Nk14anFBMUtrTW9RbVZyV1A3ZnlaQldOR3M2eTJLZXFfTEd4SzhPUFBnVFRYc1V3SGtHWDlPZkJPZWE3Zi1SNHM2NWt6azZUZ2hhYUJWZGlQSUozYXQ2X2pTYWM3VUJfVkxR?hl=en-US&gl=US&ceid=US%3Aen	Marvel Studios
https://news.google.com./read/CBMipwFBVV95cUxQT0ZNd2dEdE4zVENrQ0ExS053TUZleVRRbFkzdlFBbUpPbGxwR1hjbDdfeGRmR2NMWER4R0xTVjlSSnhIV2treTBESVNXS0Nva1hicHdQVXJBQ0wxVzEyWHdVYTd0VklLeVVfRDBGSlRXbGxZREREb24yWEZYeml5WVFjTWJFUmJwVW5GR1ZPbWFOVXl4cXRpdktoZlhwd25NQWJGRnV3UQ?hl=en-US&gl=US&ceid=US%3Aen	Marvel Studios
https://news.google.com./read/CBMi6AFBVV95cUxQaTlhZFVQSTV3OHZST0FZT25nOWYxaWVZeHk3ODJscXpJSHRCcDBQTnNXdjdIb2hXM2hrNjBVNEhMb3pHSXk0V0hsVVFJUGcxRWlwWklyalpHQlNORGV6dTJldXNrTVBwd3plcTE5OWh5LW0wLXJhM0J5RGJTZlQtazh3WWsxTXJ2VmxaUzNBSEF5MnRqSTRtMkhwVGMzV19JclloOXlXQ0dQSURxSDhpX1RVaHdzT2RiR1hLcURuSUcxM0ZLdWJmOVgxS1ktc2JnVHhFTXVETTc1Y1lGOVhDa2dEZ2xsSFgy?hl=en-US&gl=US&ceid=US%3Aen	Marvel Studios
https://news.google.com./read/CBMi2AFBVV95cUxNOUNEdlJ2WFNCVU4xOUxoRXZCRmhfeFFNODVCQnIzNW5fN1hPM0Rqa1NtdHMza2w2aVpoY19kcU5Nb0xVd3llaWUtZE9FVUN2c2dydlZrR3ZlaVEwMlZkTnY5Zk9WODVrNmlPaXJiNEM1NXZlWmM5ZkFPUVlMclhFTGgxRzhfLUpyRU12QlZNbUNaTmFGbmRWMnptaWhpNkVHR3NmVVdmSEI0WlJLUnk1V0oybmZhVWxFRDhKWVp2enlERlZsQ1R4ZlFSd2ZkRExGVEZGSHNxb18?hl=en-US&gl=US&ceid=US%3Aen	Marvel Studios
https://news.google.com./read/CBMi3AFBVV95cUxPSWU4azFSMWZBQmlJdERvRW1KVVg2UU1oYVllOWFtSFF4TmlUTjdvV05hdTFFTXVKcnZWNHB2V1M1eS0yZVpwREJrdWNQWlVkcl90TzI5SS1RUXEyY1RRZHlzUWxkQXh2dFZUTFVIbjZWN1lfUnpMZXJxcjlHeWZ4UDF3M2REZmdzX0RoblJfT3piSzF2bV90MFQ2aXNFY2ZuT0tMb1N2ZUFyc1dLUUQ3NElDc2YxRDhGdlNiTjhLZmlyN0pnYTRmZ2IxalZyU2VFRUY5RXlBVVc0dHlw?hl=en-US&gl=US&ceid=US%3Aen	Marvel Studios
https://news.google.com./read/CBMivgFBVV95cUxPUmdtZFNFc0prUVF4dGZpYTRmcW9PMVhBdEJGcUplckY1eDBRLUcwcktyR3IwcjFKbGRnT0FNcXM5TTY0dU9NVWJTQUVFazdWSDZWV0ItUUpJRWx6T2F6ZTV4bmFRNVhqMVhHWjZuMHlhb3o5Nk9VZ2poWUlVVy16N3MwZTNfN1VxNjlpMVdMdTkxYUJpTVNmNzNMZEs2Q0h2R1hBNGJ3TEk0MEpQcTctRkZJZjVsT0ozcmlnY3dB?hl=en-US&gl=US&ceid=US%3Aen	Marvel Studios
https://news.google.com./read/CBMiiwFBVV95cUxPRzdqdk16TTE2U3RKRFU5ZGZuLW5oN2ZMVk9hMlB2YlRCelhtd0lzcWM3QzQ5WkItZW9nZ2RfS1Nsck9UNUpmLThpaEF6UW1fQVNlclliZThWYnVjd29BY3o3azRrbFR5MTd1VHc2cGFYalpBZGRMR09oVHRKbDhzTmM4Zjd0ZEdGeXYw?hl=en-US&gl=US&ceid=US%3Aen	Marvel Studios
https://news.google.com./read/CBMiTkFVX3lxTE0xYWx4VE9YUzR6MjhiVWVuQmI3RkQ3RzNEeWpQR0xSdURaNDlJcXZ2YXdOTEtHUmZFWUNFSnlpdjBRRFJaX1VYN3RSRXNtdw?hl=en-US&gl=US&ceid=US%3Aen	Marvel Studios
https://news.google.com./read/CBMiuAFBVV95cUxPX2lWYzZUVTlrdGVEZjNJVHhJdHpqUExNWDJRSGJvMkg4OTk4VnhJUDE3aEo5bTFhZE1rTzk1Q1gtaTZNZjJCLWNZaGJCZzl2eHZ5OFNJLW1SSnNuNko1VVYtN2F0NjltZmZEeVlyQWp2eTh3X3g5ZlZHTnRFRFczMlFwVEFHRnJ1QkxMb0RkVGxJQUNmQmhtb19jN3hTSkVodzVDZlpJa3hDX18zeWd3cnlmdVRJVmFM?hl=en-US&gl=US&ceid=US%3Aen	Marvel Studios
https://news.google.com./read/CBMikwFBVV95cUxQWUdoTWNGZlhlOFBVT0tuZXJrcG9xbXBybU5Ha25zV01uYkN4YjY5ZzZvT2hYWEtYNEI4WW9nZl9ac3BGLV9xTVJla1RFSW1xT2N2bjhHVXRFMkNtd3ZqUFM2ZXlPbVZBWkQ2OWNydDRnSmg3eUVRWThCZG5IT19GRV9vVlI5UTdldDhPTDdyOTlHLVU?hl=en-US&gl=US&ceid=US%3Aen	Marvel Studios
https://news.google.com./read/CBMid0FVX3lxTE9YV0hPdlp4M19QRUlYTXpwRHJ1YXNGSTRDaHZFVm9MMm1LcFJNNVh2Y3VVc2I4V2lfUlotaGxpbUJCMlpreTNiblNUdDNmdmczTS1mWjhWR0ZmSGUyT0xQMlRyU1JsV0ctSDBIN1lMZTdNVDVfTHNn?hl=en-US&gl=US&ceid=US%3Aen	Marvel Studios
https://news.google.com./read/CBMiZEFVX3lxTE90WEhvd1RiaFJXTnNfRjlDbmVYSTZZalY2M1puYVNxZWFIRW5iWDE4OUFmR2VfMC1pTzNJc3F0Z0NCbVdYNk5PZEZFSEY3aTd5TXg3ZHAxY0NLOTJwZ2stQWFlR2U?hl=en-US&gl=US&ceid=US%3Aen	Marvel Studios
https://news.google.com./read/CBMid0FVX3lxTE50QUVxX09tVi1fLTdMZG56NFUzWUpsY1ZMaU01UnRFcjEydElGR1J2OGFhS0dDUnh3Yk5QNHFYQURiNWJ0aHhmSEswdXVwLXNKSW1Ec2NOY3gtNkp2MWYxVVdsdHdBdDBYbVpLMDRQUFViNlpCaDlZ?hl=en-US&gl=US&ceid=US%3Aen	Marvel Studios
https://news.google.com./read/CBMiggFBVV95cUxPUW5aZmRXWlotdl9QWXdhNDNKVmVINUJtdHB3WjFFZVBHVWcwclJHcmkwd1NoUVdKRWdXYVlIV2IyN21lM2RYNkkxb3VmTHUzMVRNNXNPdEZEVzFhTkd0NF9ReUJCSlU1Mkl4dmtUX3E4ZGZqdWtxc2g4clo4ZVF5bGNB?hl=en-US&gl=US&ceid=US%3Aen	Marvel Studios
https://news.google.com./read/CBMiqAFBVV95cUxQVmNjWHVxcENFNlhYc1Y0OWhDRV9zaG1vU3dDckF1OVR3UFM3bkR0d3FreE94WmZ6N1lkaTdlbFZUTlV4cDd2Z0RuaW1CUFBWUklpVktnbEtLZzlGLUNITGIzaE9SZGJ3UXdNV0VLMlI4dDN0cXE2RHgzYTkxNXZ2cUxUOUZLUEVlS0JSMXRDeGFuNElISlJWRGlZNDJFMUMwMFBMR0dzbDY?hl=en-US&gl=US&ceid=US%3Aen	Marvel Studios